sample_id,iteration,timestamp,controller_name,scenario_name,nodes,topology_type,bandwidth_demand,throughput_mbps,latency_ms,packet_loss_percent,score_reliability,jitter_ms,cpu_usage_percent,memory_usage_mb,flow_setup_time_ms,score_compliance,score_efficiency,score_stability,ahp_score,best_controller_label,score_gap,resource_method,connectivity_status
1,1,2026-05-15T05:41:37.478373,ryu,Star_8n_5M,8,star,5M,50136.2,0.067,0.0,1.0,0.006,0.06,45.49,20.12,0.9544,0.8738,0.9831,0.9412,ryu,0.1047,hybrid_p95,CONTROLLER
2,1,2026-05-15T05:43:01.833066,floodlight,Star_8n_5M,8,star,5M,49724.78,0.058,0.0,1.0,0.007,41.68,338.61,15.81,0.91,0.4961,0.9867,0.8365,ryu,0.1047,hybrid_p95,CONTROLLER
3,1,2026-05-15T05:45:33.835830,onos,Star_8n_5M,8,star,5M,50353.93,0.278,0.0,1.0,0.549,10.13,766.61,18.8,0.646,0.7063,0.9761,0.685,ryu,0.1047,hybrid_p95,CONTROLLER
4,1,2026-05-15T05:46:56.129644,ryu,Star_8n_15M,8,star,15M,51075.14,0.063,0.0,1.0,0.004,0.06,33.33,20.96,0.6853,0.8837,0.9825,0.7483,floodlight,0.1004,hybrid_p95,CONTROLLER
5,1,2026-05-15T05:48:20.498630,floodlight,Star_8n_15M,8,star,15M,49333.44,0.055,0.0,1.0,0.007,32.71,355.2,23.05,0.91,0.5619,0.9807,0.8487,floodlight,0.1004,hybrid_p95,CONTROLLER
6,1,2026-05-15T05:50:51.642795,onos,Star_8n_15M,8,star,15M,49901.3,0.064,0.0,1.0,0.006,7.99,739.82,13.55,0.5853,0.7235,0.9886,0.6455,floodlight,0.1004,hybrid_p95,CONTROLLER
7,1,2026-05-15T05:52:13.901514,ryu,Star_8n_30M,8,star,30M,50389.46,0.066,0.0,1.0,0.013,0.06,33.33,19.57,0.7124,0.8837,0.9835,0.7679,floodlight,0.083,hybrid_p95,CONTROLLER
8,1,2026-05-15T05:53:38.244446,floodlight,Star_8n_30M,8,star,30M,48846.54,0.053,0.0,1.0,0.004,31.5,359.62,15.0,0.91,0.5706,0.9874,0.8509,floodlight,0.083,hybrid_p95,CONTROLLER
9,1,2026-05-15T05:56:09.674121,onos,Star_8n_30M,8,star,30M,49641.58,0.069,0.0,1.0,0.008,10.38,736.31,20.95,0.6024,0.7057,0.9824,0.6539,floodlight,0.083,hybrid_p95,CONTROLLER
10,1,2026-05-15T05:57:31.886129,ryu,Star_8n_80M,8,star,80M,50459.97,0.067,0.0,1.0,0.01,0.06,33.33,20.63,0.964,0.8837,0.9827,0.9501,ryu,0.0987,hybrid_p95,CONTROLLER
11,1,2026-05-15T05:58:56.283694,floodlight,Star_8n_80M,8,star,80M,48844.38,0.054,0.0,1.0,0.004,31.14,330.7,22.84,0.91,0.576,0.9809,0.8514,ryu,0.0987,hybrid_p95,CONTROLLER
12,1,2026-05-15T06:01:27.811005,onos,Star_8n_80M,8,star,80M,49932.9,0.182,0.0,1.0,0.298,7.48,735.2,23.35,0.6166,0.7276,0.9761,0.6679,ryu,0.0987,hybrid_p95,CONTROLLER
13,1,2026-05-15T06:02:50.050972,ryu,Star_8n_180M,8,star,180M,48655.41,0.072,0.0,1.0,0.008,0.06,33.33,21.22,0.974,0.8837,0.9822,0.9573,ryu,0.1078,hybrid_p95,CONTROLLER
14,1,2026-05-15T06:04:14.423495,floodlight,Star_8n_180M,8,star,180M,48383.24,0.059,0.0,1.0,0.005,32.78,312.8,21.71,0.91,0.5655,0.9818,0.8495,ryu,0.1078,hybrid_p95,CONTROLLER
15,1,2026-05-15T06:06:45.977181,onos,Star_8n_180M,8,star,180M,48639.66,0.236,0.0,1.0,0.438,15.24,788.84,23.17,0.6408,0.667,0.9741,0.6735,ryu,0.1078,hybrid_p95,CONTROLLER
16,1,2026-05-15T06:08:08.285423,ryu,Star_9n_5M,9,star,5M,50533.6,0.067,0.0,1.0,0.006,0.07,33.33,20.07,0.9681,0.8836,0.9832,0.9531,ryu,0.1021,hybrid_p95,CONTROLLER
17,1,2026-05-15T06:09:32.642213,floodlight,Star_9n_5M,9,star,5M,49155.58,0.057,0.0,1.0,0.005,30.99,374.3,20.23,0.91,0.5731,0.9831,0.851,ryu,0.1021,hybrid_p95,CONTROLLER
18,1,2026-05-15T06:12:04.207946,onos,Star_9n_5M,9,star,5M,50080.92,0.168,0.0,1.0,0.257,8.03,706.4,17.57,0.6164,0.7247,0.9815,0.6676,ryu,0.1021,hybrid_p95,CONTROLLER
19,1,2026-05-15T06:13:26.532282,ryu,Star_9n_15M,9,star,15M,50288.9,0.064,0.0,1.0,0.001,0.07,33.34,21.12,0.705,0.8836,0.9824,0.7625,floodlight,0.101,hybrid_p95,CONTROLLER
20,1,2026-05-15T06:14:50.936817,floodlight,Star_9n_15M,9,star,15M,49161.83,0.059,0.0,1.0,0.01,32.71,313.51,23.48,0.9295,0.5659,0.9803,0.8635,floodlight,0.101,hybrid_p95,CONTROLLER
21,1,2026-05-15T06:17:22.619218,onos,Star_9n_15M,9,star,15M,48850.34,0.065,0.0,1.0,0.006,11.46,754.42,23.32,0.556,0.6968,0.9805,0.6184,floodlight,0.101,hybrid_p95,CONTROLLER
25,1,2026-05-15T06:24:02.865518,ryu,Star_9n_80M,9,star,80M,50765.89,0.068,0.0,1.0,0.005,0.06,33.34,18.61,0.9813,0.8837,0.9844,0.9627,ryu,0.1118,hybrid_p95,CONTROLLER
26,1,2026-05-15T06:25:27.269061,floodlight,Star_9n_80M,9,star,80M,48560.99,0.054,0.0,1.0,0.004,31.4,340.31,21.97,0.91,0.5731,0.9816,0.8509,ryu,0.1118,hybrid_p95,CONTROLLER
27,1,2026-05-15T06:27:58.957309,onos,Star_9n_80M,9,star,80M,50665.71,0.319,0.0,1.0,0.658,11.59,719.41,14.4,0.6419,0.6974,0.9781,0.6805,ryu,0.1118,hybrid_p95,CONTROLLER
28,1,2026-05-15T06:29:21.286081,ryu,Star_9n_180M,9,star,180M,49859.92,0.066,0.0,1.0,0.004,0.06,33.33,18.41,0.9585,0.8837,0.9846,0.9462,ryu,0.0978,hybrid_p95,CONTROLLER
30,1,2026-05-15T06:33:17.448757,onos,Star_9n_180M,9,star,180M,50641.44,0.396,0.013,1.0,0.87,8.08,759.02,12.23,0.646,0.722,0.9768,0.6881,ryu,0.0978,hybrid_p95,CONTROLLER
31,1,2026-05-15T06:34:39.797870,ryu,Star_10n_5M,10,star,5M,50446.92,0.062,0.0,1.0,0.005,0.06,33.34,19.43,0.9902,0.8837,0.9837,0.9691,ryu,0.1171,hybrid_p95,CONTROLLER
32,1,2026-05-15T06:36:04.186197,floodlight,Star_10n_5M,10,star,5M,46923.09,0.057,0.0,1.0,0.006,31.22,334.54,12.12,0.91,0.575,0.9898,0.852,ryu,0.1171,hybrid_p95,CONTROLLER
33,1,2026-05-15T06:38:36.031745,onos,Star_10n_5M,10,star,5M,50248.15,0.238,0.0,1.0,0.465,10.74,793.81,15.24,0.6409,0.7006,0.9803,0.6806,ryu,0.1171,hybrid_p95,CONTROLLER
34,1,2026-05-15T06:39:58.465259,ryu,Star_10n_15M,10,star,15M,48672.98,0.073,0.0,1.0,0.01,0.07,33.34,21.21,0.8935,0.8836,0.9822,0.8989,ryu,0.0472,hybrid_p95,CONTROLLER
35,1,2026-05-15T06:41:22.945219,floodlight,Star_10n_15M,10,star,15M,48367.68,0.053,0.0,1.0,0.007,30.79,356.0,19.1,0.91,0.5762,0.984,0.8517,ryu,0.0472,hybrid_p95,CONTROLLER
36,1,2026-05-15T06:43:54.681548,onos,Star_10n_15M,10,star,15M,50936.7,0.313,0.0,1.0,0.651,10.91,710.6,13.68,0.646,0.7029,0.9788,0.6846,ryu,0.0472,hybrid_p95,CONTROLLER
38,1,2026-05-15T06:46:41.477664,floodlight,Star_10n_30M,10,star,30M,49472.54,0.056,0.0,1.0,0.008,42.04,316.8,21.07,1.0,0.4955,0.9823,0.9012,floodlight,0.0029,hybrid_p95,CONTROLLER
39,1,2026-05-15T06:49:12.884144,onos,Star_10n_30M,10,star,30M,49380.57,0.258,0.0,1.0,0.492,12.16,688.62,23.45,0.6313,0.6946,0.9731,0.6719,floodlight,0.0029,hybrid_p95,CONTROLLER
40,1,2026-05-15T06:50:35.316289,ryu,Star_10n_80M,10,star,80M,49869.8,0.064,0.0,1.0,0.007,0.06,33.34,21.73,0.9883,0.8837,0.9818,0.9676,ryu,0.117,hybrid_p95,CONTROLLER
41,1,2026-05-15T06:51:59.767007,floodlight,Star_10n_80M,10,star,80M,48712.35,0.055,0.0,1.0,0.009,31.72,336.7,20.88,0.91,0.5711,0.9825,0.8506,ryu,0.117,hybrid_p95,CONTROLLER
42,1,2026-05-15T06:54:31.418530,onos,Star_10n_80M,10,star,80M,49313.6,0.328,0.0,1.0,0.691,8.08,800.92,12.32,0.6028,0.7203,0.9794,0.6567,ryu,0.117,hybrid_p95,CONTROLLER
44,1,2026-05-15T06:57:18.277462,floodlight,Star_10n_180M,10,star,180M,48869.11,0.058,0.0,1.0,0.011,31.91,321.9,24.24,0.91,0.5711,0.9796,0.8504,floodlight,0.0025,hybrid_p95,CONTROLLER
45,1,2026-05-15T06:59:49.392222,onos,Star_10n_180M,10,star,180M,49985.72,0.07,0.017,0.9998,0.01,9.25,799.7,20.21,0.6294,0.7115,0.983,0.6746,floodlight,0.0025,hybrid_p95,CONTROLLER
47,1,2026-05-15T07:02:36.391223,floodlight,Star_11n_5M,11,star,5M,49590.6,0.054,0.0,0.999,0.009,35.16,345.02,18.37,0.936,0.5444,0.9846,0.8645,floodlight,0.1451,hybrid_p95,CONTROLLER
48,1,2026-05-15T07:05:07.531471,onos,Star_11n_5M,11,star,5M,48956.54,0.065,0.0,0.999,0.005,7.69,823.21,13.2,0.6099,0.7223,0.9889,0.6631,floodlight,0.1451,hybrid_p95,CONTROLLER
49,1,2026-05-15T07:06:29.979342,ryu,Star_11n_15M,11,star,15M,50451.49,0.069,0.0,0.999,0.008,0.07,33.35,12.57,0.9705,0.8836,0.9894,0.9553,ryu,0.1079,hybrid_p95,CONTROLLER
50,1,2026-05-15T07:07:54.500277,floodlight,Star_11n_15M,11,star,15M,49429.35,0.055,0.0,0.999,0.005,33.63,339.41,21.16,0.9094,0.5564,0.9823,0.8474,ryu,0.1079,hybrid_p95,CONTROLLER
51,1,2026-05-15T07:10:26.295872,onos,Star_11n_15M,11,star,15M,49766.69,0.226,0.0,0.999,0.423,9.44,742.02,21.16,0.5851,0.7125,0.976,0.6422,ryu,0.1079,hybrid_p95,CONTROLLER
53,1,2026-05-15T07:13:13.334535,floodlight,Star_11n_30M,11,star,30M,49388.25,0.051,0.0,0.999,0.007,32.08,338.51,18.11,0.9541,0.5682,0.9848,0.8822,floodlight,0.1627,hybrid_p95,CONTROLLER
54,1,2026-05-15T07:15:45.032173,onos,Star_11n_30M,11,star,30M,48094.69,0.065,0.0,0.999,0.004,6.1,778.8,18.34,0.5554,0.736,0.9847,0.6259,floodlight,0.1627,hybrid_p95,CONTROLLER
55,1,2026-05-15T07:17:07.462147,ryu,Star_11n_80M,11,star,80M,48737.17,0.064,0.0,0.999,0.004,0.06,33.35,22.3,0.6876,0.8837,0.9814,0.7498,floodlight,0.0859,hybrid_p95,CONTROLLER
56,1,2026-05-15T07:18:32.038548,floodlight,Star_11n_80M,11,star,80M,48466.93,0.058,0.0,0.999,0.008,41.58,338.92,22.69,0.9094,0.4968,0.981,0.8357,floodlight,0.0859,hybrid_p95,CONTROLLER
57,1,2026-05-15T07:21:03.495919,onos,Star_11n_80M,11,star,80M,50189.11,0.067,0.0,0.999,0.007,8.95,675.51,22.39,0.6454,0.7193,0.9812,0.6876,floodlight,0.0859,hybrid_p95,CONTROLLER
58,1,2026-05-15T07:22:25.932047,ryu,Star_11n_180M,11,star,180M,49657.66,0.069,0.0,0.999,0.011,0.06,33.35,23.0,0.9657,0.8837,0.9807,0.9511,ryu,0.1027,hybrid_p95,CONTROLLER
59,1,2026-05-15T07:23:50.426869,floodlight,Star_11n_180M,11,star,180M,48084.23,0.053,0.0,0.999,0.006,33.31,307.9,22.3,0.9094,0.562,0.9813,0.8484,ryu,0.1027,hybrid_p95,CONTROLLER
60,1,2026-05-15T07:26:22.383092,onos,Star_11n_180M,11,star,180M,49753.62,0.251,0.0,0.999,0.494,8.59,715.02,24.34,0.6454,0.7201,0.9723,0.687,ryu,0.1027,hybrid_p95,CONTROLLER
61,1,2026-05-15T07:27:44.898561,ryu,Star_12n_5M,12,star,5M,49624.1,0.062,0.0,0.998,0.002,0.07,33.35,13.47,0.9325,0.8836,0.9887,0.9277,ryu,0.0337,hybrid_p95,CONTROLLER
62,1,2026-05-15T07:29:09.440265,floodlight,Star_12n_5M,12,star,5M,49213.99,0.059,0.0,0.998,0.007,32.21,355.61,16.94,0.971,0.5656,0.9858,0.894,ryu,0.0337,hybrid_p95,CONTROLLER
63,1,2026-05-15T07:31:41.258253,onos,Star_12n_5M,12,star,5M,48300.65,0.075,0.0,0.998,0.009,10.69,714.2,19.14,0.5549,0.7044,0.9839,0.6194,ryu,0.0337,hybrid_p95,CONTROLLER
64,1,2026-05-15T07:33:03.743437,ryu,Star_12n_15M,12,star,15M,49664.62,0.062,0.0,0.998,0.006,0.06,33.35,19.24,0.9889,0.8837,0.9839,0.9682,ryu,0.1178,hybrid_p95,CONTROLLER
65,1,2026-05-15T07:34:28.283048,floodlight,Star_12n_15M,12,star,15M,47468.62,0.055,0.0,0.998,0.009,31.46,321.71,22.25,0.9089,0.5745,0.9813,0.8504,ryu,0.1178,hybrid_p95,CONTROLLER
66,1,2026-05-15T07:37:00.210814,onos,Star_12n_15M,12,star,15M,49703.46,0.349,0.0,0.998,0.752,7.13,745.2,28.97,0.6449,0.7298,0.9646,0.6878,ryu,0.1178,hybrid_p95,CONTROLLER
67,1,2026-05-15T07:38:22.723118,ryu,Star_12n_30M,12,star,30M,50687.58,0.067,0.0,0.998,0.005,0.07,33.36,13.29,0.6646,0.8836,0.9889,0.7338,floodlight,0.1172,hybrid_p95,CONTROLLER
68,1,2026-05-15T07:39:47.267493,floodlight,Star_12n_30M,12,star,30M,47984.42,0.054,0.0,0.998,0.004,31.33,330.4,12.71,0.9089,0.5746,0.9893,0.851,floodlight,0.1172,hybrid_p95,CONTROLLER
69,1,2026-05-15T07:42:18.918395,onos,Star_12n_30M,12,star,30M,50864.63,0.068,0.0,0.998,0.008,9.25,721.92,17.77,0.6449,0.7149,0.9851,0.6866,floodlight,0.1172,hybrid_p95,CONTROLLER
70,1,2026-05-15T07:43:41.436274,ryu,Star_12n_80M,12,star,80M,50594.47,0.062,0.0,0.998,0.004,0.06,33.34,12.86,0.9104,0.8837,0.9892,0.9118,ryu,0.0759,hybrid_p95,CONTROLLER
71,1,2026-05-15T07:45:06.024790,floodlight,Star_12n_80M,12,star,80M,49020.7,0.06,0.0,0.998,0.014,41.74,331.21,13.4,0.9089,0.4963,0.9886,0.8359,ryu,0.0759,hybrid_p95,CONTROLLER
72,1,2026-05-15T07:47:38.362353,onos,Star_12n_80M,12,star,80M,49292.77,0.068,0.0,0.998,0.007,12.99,773.2,27.22,0.5704,0.6845,0.9772,0.6262,ryu,0.0759,hybrid_p95,CONTROLLER
73,1,2026-05-15T07:49:00.848027,ryu,Star_12n_180M,12,star,180M,50056.34,0.064,0.0,0.998,0.007,0.06,33.35,19.27,0.864,0.8837,0.9838,0.8778,ryu,0.0311,hybrid_p95,CONTROLLER
74,1,2026-05-15T07:50:25.454743,floodlight,Star_12n_180M,12,star,180M,49180.63,0.056,0.0,0.998,0.007,33.5,359.6,22.43,0.9089,0.5555,0.9812,0.8467,ryu,0.0311,hybrid_p95,CONTROLLER
75,1,2026-05-15T07:52:57.551386,onos,Star_12n_180M,12,star,180M,49773.73,0.077,0.0,0.998,0.009,7.5,727.7,13.39,0.6158,0.7278,0.9887,0.6684,ryu,0.0311,hybrid_p95,CONTROLLER
76,1,2026-05-15T07:54:20.106814,ryu,Star_13n_5M,13,star,5M,49732.31,0.06,0.0,0.997,0.007,0.06,33.36,20.22,0.8258,0.8837,0.983,0.85,ryu,0.0002,hybrid_p95,CONTROLLER
77,1,2026-05-15T07:55:44.729870,floodlight,Star_13n_5M,13,star,5M,49073.62,0.056,0.0,0.997,0.012,31.42,331.21,23.09,0.9083,0.5738,0.9806,0.8498,ryu,0.0002,hybrid_p95,CONTROLLER
78,1,2026-05-15T07:58:16.342228,onos,Star_13n_5M,13,star,5M,50746.92,0.068,0.0,0.997,0.008,15.6,808.82,22.24,0.6443,0.6635,0.9813,0.676,ryu,0.0002,hybrid_p95,CONTROLLER
81,1,2026-05-15T08:03:35.869388,onos,Star_13n_15M,13,star,15M,48962.26,0.069,0.0,0.997,0.004,8.99,691.1,17.71,0.6443,0.7182,0.9852,0.6869,floodlight,0.187,hybrid_p95,CONTROLLER
84,1,2026-05-15T08:08:55.458205,onos,Star_13n_30M,13,star,30M,50629.46,0.067,0.0,0.997,0.005,6.86,704.2,20.18,0.6797,0.7336,0.9831,0.7153,floodlight,0.1343,hybrid_p95,CONTROLLER
85,1,2026-05-15T08:10:18.013186,ryu,Star_13n_80M,13,star,80M,50914.43,0.066,0.0,0.997,0.004,0.06,33.37,21.75,0.7087,0.8837,0.9818,0.7651,floodlight,0.0608,hybrid_p95,CONTROLLER
86,1,2026-05-15T08:11:42.723143,floodlight,Star_13n_80M,13,star,80M,48542.25,0.057,0.0,0.997,0.006,48.41,314.4,17.44,0.9083,0.4479,0.9854,0.8259,floodlight,0.0608,hybrid_p95,CONTROLLER
87,1,2026-05-15T08:14:14.695769,onos,Star_13n_80M,13,star,80M,49377.41,0.068,0.0,0.997,0.006,8.54,741.62,23.55,0.586,0.7193,0.9803,0.6445,floodlight,0.0608,hybrid_p95,CONTROLLER
88,1,2026-05-15T08:15:37.189870,ryu,Star_13n_180M,13,star,180M,50330.86,0.064,0.0,0.997,0.008,0.06,33.36,26.94,0.9743,0.8837,0.9774,0.9571,ryu,0.1088,hybrid_p95,CONTROLLER
89,1,2026-05-15T08:17:01.862420,floodlight,Star_13n_180M,13,star,180M,47032.57,0.053,0.008,0.9969,0.004,33.04,310.34,16.43,0.9083,0.5638,0.9862,0.8483,ryu,0.1088,hybrid_p95,CONTROLLER
90,1,2026-05-15T08:19:33.994146,onos,Star_13n_180M,13,star,180M,50634.16,0.29,0.0,0.997,0.583,11.35,744.81,19.45,0.6443,0.6981,0.975,0.6822,ryu,0.1088,hybrid_p95,CONTROLLER
91,1,2026-05-15T08:20:56.624051,ryu,Star_14n_5M,14,star,5M,49503.86,0.067,0.0,0.996,0.005,0.06,33.36,24.35,0.9735,0.8837,0.9796,0.9567,ryu,0.107,hybrid_p95,CONTROLLER
92,1,2026-05-15T08:22:21.350266,floodlight,Star_14n_5M,14,star,5M,48619.04,0.06,0.0,0.996,0.009,31.55,310.01,21.5,0.9078,0.575,0.9819,0.8497,ryu,0.107,hybrid_p95,CONTROLLER
93,1,2026-05-15T08:24:53.112835,onos,Star_14n_5M,14,star,5M,49672.05,0.311,0.0,0.996,0.613,8.13,746.23,12.13,0.6438,0.7222,0.9807,0.6869,ryu,0.107,hybrid_p95,CONTROLLER
94,1,2026-05-15T08:26:15.822561,ryu,Star_14n_15M,14,star,15M,50316.3,0.063,0.0,0.996,0.001,0.05,33.36,21.08,0.8752,0.8838,0.9824,0.8857,ryu,0.0357,hybrid_p95,CONTROLLER
95,1,2026-05-15T08:27:40.492174,floodlight,Star_14n_15M,14,star,15M,48333.49,0.06,0.0,0.996,0.008,31.17,321.31,21.76,0.9078,0.5767,0.9817,0.85,ryu,0.0357,hybrid_p95,CONTROLLER
96,1,2026-05-15T08:30:12.068711,onos,Star_14n_15M,14,star,15M,50423.45,0.069,0.0,0.996,0.005,19.11,716.31,19.28,0.6438,0.6411,0.9839,0.6715,ryu,0.0357,hybrid_p95,CONTROLLER
98,1,2026-05-15T08:32:59.376295,floodlight,Star_14n_30M,14,star,30M,49159.44,0.057,0.0,0.996,0.005,40.97,343.0,15.53,0.9078,0.501,0.987,0.8358,floodlight,0.0271,hybrid_p95,CONTROLLER
99,1,2026-05-15T08:35:31.297284,onos,Star_14n_30M,14,star,30M,50358.24,0.069,0.0,0.996,0.005,8.18,688.96,13.03,0.6438,0.7244,0.9891,0.688,floodlight,0.0271,hybrid_p95,CONTROLLER
100,1,2026-05-15T08:36:53.905760,ryu,Star_14n_80M,14,star,80M,49359.36,0.074,0.0,0.996,0.011,0.06,33.37,22.01,0.9758,0.8837,0.9815,0.9585,ryu,0.1083,hybrid_p95,CONTROLLER
101,1,2026-05-15T08:38:18.607872,floodlight,Star_14n_80M,14,star,80M,47996.66,0.052,0.0,0.996,0.003,31.04,327.01,20.89,0.9078,0.5771,0.9825,0.8502,ryu,0.1083,hybrid_p95,CONTROLLER
102,1,2026-05-15T08:40:50.079335,onos,Star_14n_80M,14,star,80M,49182.08,0.407,0.0,0.996,0.892,21.13,712.44,22.93,0.6321,0.6261,0.9675,0.6588,ryu,0.1083,hybrid_p95,CONTROLLER
103,1,2026-05-15T08:42:12.721135,ryu,Star_14n_180M,14,star,180M,49670.71,0.064,0.0,0.996,0.002,0.06,33.36,12.44,0.9978,0.8837,0.9896,0.9751,ryu,0.137,hybrid_p95,CONTROLLER
104,1,2026-05-15T08:43:38.558288,floodlight,Star_14n_180M,14,star,180M,29860.36,0.065,0.004,0.996,0.021,37.96,335.9,17.13,0.9048,0.5243,0.9854,0.8381,ryu,0.137,hybrid_p95,CONTROLLER
105,1,2026-05-15T08:46:10.410484,onos,Star_14n_180M,14,star,180M,36044.76,0.183,0.0,0.996,0.336,7.43,681.4,14.73,0.5819,0.7304,0.9827,0.6438,ryu,0.137,hybrid_p95,CONTROLLER
106,1,2026-05-15T08:47:33.609712,ryu,Star_15n_5M,15,star,5M,45050.68,0.063,0.0,0.995,0.006,0.06,33.37,21.96,0.9843,0.8837,0.9816,0.9647,ryu,0.0496,hybrid_p95,CONTROLLER
107,1,2026-05-15T08:48:58.486159,floodlight,Star_15n_5M,15,star,5M,45366.69,0.059,0.0,0.995,0.013,30.89,326.74,21.53,0.9972,0.5783,0.9819,0.9151,ryu,0.0496,hybrid_p95,CONTROLLER
108,1,2026-05-15T08:51:30.820973,onos,Star_15n_5M,15,star,5M,39104.22,0.228,0.0,0.995,0.453,7.1,733.8,13.49,0.5532,0.7305,0.982,0.623,ryu,0.0496,hybrid_p95,CONTROLLER
110,1,2026-05-15T08:54:18.982026,floodlight,Star_15n_15M,15,star,15M,46809.46,0.063,0.0,0.995,0.013,29.53,318.71,20.58,0.9972,0.5893,0.9827,0.9173,floodlight,0.2,hybrid_p95,CONTROLLER
111,1,2026-05-15T08:56:50.117271,onos,Star_15n_15M,15,star,15M,43007.18,0.067,0.0,0.995,0.013,14.12,676.41,23.94,0.6712,0.6804,0.9799,0.6986,floodlight,0.2,hybrid_p95,CONTROLLER
112,1,2026-05-15T08:58:13.082457,ryu,Star_15n_30M,15,star,30M,39802.95,0.082,0.0,0.995,0.021,0.06,33.39,21.62,0.8607,0.8837,0.9817,0.8752,ryu,0.032,hybrid_p95,CONTROLLER
113,1,2026-05-15T08:59:37.985903,floodlight,Star_15n_30M,15,star,30M,39205.07,0.05,0.0,0.995,0.011,35.39,334.13,22.28,0.9072,0.5437,0.9813,0.8432,ryu,0.032,hybrid_p95,CONTROLLER
114,1,2026-05-15T09:02:09.005135,onos,Star_15n_30M,15,star,30M,49590.69,0.269,0.0,0.995,0.524,14.73,709.32,22.15,0.6432,0.6743,0.9737,0.6766,ryu,0.032,hybrid_p95,CONTROLLER
116,1,2026-05-15T09:04:57.000823,floodlight,Star_15n_80M,15,star,80M,43774.92,0.062,0.0,0.995,0.007,32.06,325.5,20.36,0.9072,0.5696,0.9829,0.8483,floodlight,0.0414,hybrid_p95,CONTROLLER
117,1,2026-05-15T09:07:28.898945,onos,Star_15n_80M,15,star,80M,50154.05,0.065,0.0,0.995,0.008,13.29,774.5,23.77,0.8202,0.6822,0.9801,0.8069,floodlight,0.0414,hybrid_p95,CONTROLLER
118,1,2026-05-15T09:08:51.710298,ryu,Star_15n_180M,15,star,180M,49588.54,0.069,0.0,0.995,0.002,0.07,34.47,21.79,0.9809,0.8826,0.9818,0.962,ryu,0.1127,hybrid_p95,CONTROLLER
119,1,2026-05-15T09:10:16.538258,floodlight,Star_15n_180M,15,star,180M,47434.86,0.057,0.0,0.995,0.007,31.27,339.4,20.0,0.9072,0.5742,0.9832,0.8493,ryu,0.1127,hybrid_p95,CONTROLLER
120,1,2026-05-15T09:12:48.757685,onos,Star_15n_180M,15,star,180M,48359.01,0.317,0.0,0.995,0.65,16.15,734.8,22.56,0.5918,0.6625,0.9714,0.637,ryu,0.1127,hybrid_p95,CONTROLLER
124,1,2026-05-15T09:19:33.248982,ryu,Star_16n_15M,16,star,15M,47067.01,0.068,0.0,0.994,0.008,0.06,33.36,15.52,0.5527,0.8837,0.9869,0.6526,floodlight,0.1331,hybrid_p95,CONTROLLER
126,1,2026-05-15T09:23:30.109523,onos,Star_16n_15M,16,star,15M,48758.18,0.064,0.0,0.994,0.006,15.04,682.5,18.98,0.7547,0.6732,0.9841,0.758,floodlight,0.1331,hybrid_p95,CONTROLLER
127,1,2026-05-15T09:24:52.891667,ryu,Star_16n_30M,16,star,30M,48992.36,0.072,0.0,0.994,0.008,0.06,33.37,22.04,0.5777,0.8837,0.9815,0.6703,floodlight,0.147,hybrid_p95,CONTROLLER
128,1,2026-05-15T09:26:17.783494,floodlight,Star_16n_30M,16,star,30M,48387.73,0.056,0.0,0.994,0.005,31.3,334.92,17.23,0.9067,0.5744,0.9856,0.8491,floodlight,0.147,hybrid_p95,CONTROLLER
129,1,2026-05-15T09:28:49.748810,onos,Star_16n_30M,16,star,30M,50563.6,0.071,0.0,0.994,0.005,8.25,720.41,23.97,0.6648,0.7224,0.9799,0.7021,floodlight,0.147,hybrid_p95,CONTROLLER
130,1,2026-05-15T09:30:12.615021,ryu,Star_16n_80M,16,star,80M,49133.82,0.068,0.0,0.994,0.004,0.08,33.37,12.7,0.9488,0.8835,0.9894,0.9396,ryu,0.0906,hybrid_p95,CONTROLLER
131,1,2026-05-15T09:31:37.559404,floodlight,Star_16n_80M,16,star,80M,48635.91,0.057,0.0,0.994,0.011,30.93,344.0,24.28,0.9067,0.5763,0.9796,0.849,ryu,0.0906,hybrid_p95,CONTROLLER
132,1,2026-05-15T09:34:09.697370,onos,Star_16n_80M,16,star,80M,49448.93,0.358,0.0,0.994,0.732,11.07,766.12,12.73,0.6427,0.6993,0.9784,0.6815,ryu,0.0906,hybrid_p95,CONTROLLER
133,1,2026-05-15T09:35:32.503830,ryu,Star_16n_180M,16,star,180M,48860.85,0.068,0.059,0.9934,0.007,0.07,33.37,23.14,0.9406,0.8836,0.9806,0.9329,ryu,0.0826,hybrid_p95,CONTROLLER
134,1,2026-05-15T09:36:57.439741,floodlight,Star_16n_180M,16,star,180M,48567.87,0.059,0.0,0.994,0.004,31.11,299.21,13.38,0.9067,0.5795,0.9888,0.8503,ryu,0.0826,hybrid_p95,CONTROLLER
135,1,2026-05-15T09:39:30.135147,onos,Star_16n_180M,16,star,180M,49086.1,0.251,0.0,0.994,0.479,17.64,779.36,19.11,0.6427,0.6494,0.9769,0.6717,ryu,0.0826,hybrid_p95,CONTROLLER
136,1,2026-05-15T09:40:52.999010,ryu,Star_17n_5M,17,star,5M,47486.38,0.068,0.0,0.993,0.003,0.08,33.39,18.97,0.8903,0.8835,0.9841,0.8968,ryu,0.044,hybrid_p95,CONTROLLER
137,1,2026-05-15T09:42:17.914366,floodlight,Star_17n_5M,17,star,5M,47608.69,0.06,0.0,0.993,0.007,30.96,332.2,17.12,0.911,0.5772,0.9856,0.8528,ryu,0.044,hybrid_p95,CONTROLLER
138,1,2026-05-15T09:44:49.955507,onos,Star_17n_5M,17,star,5M,49738.41,0.239,0.0,0.993,0.439,10.18,710.2,20.68,0.6421,0.7084,0.9762,0.6826,ryu,0.044,hybrid_p95,CONTROLLER
141,1,2026-05-15T09:50:09.938923,onos,Star_17n_15M,17,star,15M,49270.38,0.072,0.0,0.993,0.007,9.7,742.62,17.03,0.6421,0.7106,0.9857,0.6838,floodlight,0.1539,hybrid_p95,CONTROLLER
142,1,2026-05-15T09:51:32.867396,ryu,Star_17n_30M,17,star,30M,50038.5,0.067,0.0,0.993,0.003,0.07,33.38,18.21,0.9793,0.8836,0.9848,0.9613,ryu,0.1128,hybrid_p95,CONTROLLER
143,1,2026-05-15T09:52:57.839876,floodlight,Star_17n_30M,17,star,30M,49313.07,0.058,0.0,0.993,0.008,31.1,344.91,21.16,0.9061,0.5749,0.9822,0.8485,ryu,0.1128,hybrid_p95,CONTROLLER
144,1,2026-05-15T09:55:30.233014,onos,Star_17n_30M,17,star,30M,50046.71,0.259,0.0,0.993,0.501,10.0,770.92,20.37,0.6421,0.7071,0.9755,0.6823,ryu,0.1128,hybrid_p95,CONTROLLER
145,1,2026-05-15T09:56:53.181730,ryu,Star_17n_80M,17,star,80M,49354.9,0.078,0.0,0.993,0.013,0.06,33.38,20.97,0.9548,0.8837,0.9823,0.9434,ryu,0.1128,hybrid_p95,CONTROLLER
146,1,2026-05-15T09:58:18.282835,floodlight,Star_17n_80M,17,star,80M,38011.65,0.053,0.0,0.993,0.006,43.79,322.42,20.44,0.9061,0.4818,0.9829,0.8306,ryu,0.1128,hybrid_p95,CONTROLLER
147,1,2026-05-15T10:00:50.292656,onos,Star_17n_80M,17,star,80M,49466.87,0.272,0.0,0.993,0.523,10.75,667.11,19.12,0.6421,0.7062,0.9762,0.6822,ryu,0.1128,hybrid_p95,CONTROLLER
148,1,2026-05-15T10:02:13.176397,ryu,Star_17n_180M,17,star,180M,49194.94,0.067,0.01,0.9929,0.002,0.07,33.36,21.47,0.9757,0.8836,0.9821,0.9584,ryu,0.0764,hybrid_p95,CONTROLLER
149,1,2026-05-15T10:03:38.142471,floodlight,Star_17n_180M,17,star,180M,48498.14,0.056,0.001,0.993,0.006,31.39,350.22,14.0,0.9524,0.5722,0.9882,0.882,ryu,0.0764,hybrid_p95,CONTROLLER
150,1,2026-05-15T10:06:09.769536,onos,Star_17n_180M,17,star,180M,47761.31,0.247,0.0,0.993,0.479,13.61,745.08,12.65,0.5521,0.6811,0.9823,0.6127,ryu,0.0764,hybrid_p95,CONTROLLER
154,1,2026-05-15T10:12:52.775559,ryu,Star_18n_15M,18,star,15M,42334.5,0.061,0.0,0.9921,0.017,0.06,33.39,25.44,0.954,0.8837,0.9785,0.9424,ryu,0.0967,hybrid_p95,CONTROLLER
155,1,2026-05-15T10:14:18.084450,floodlight,Star_18n_15M,18,star,15M,33834.61,0.047,0.0,0.9921,0.008,31.47,355.02,45.47,0.9056,0.5712,0.962,0.8457,ryu,0.0967,hybrid_p95,CONTROLLER
156,1,2026-05-15T10:16:50.832408,onos,Star_18n_15M,18,star,15M,42277.18,0.166,0.0,0.9921,0.253,7.4,746.3,12.54,0.641,0.7277,0.9858,0.6864,ryu,0.0967,hybrid_p95,CONTROLLER
157,1,2026-05-15T10:18:13.813813,ryu,Star_18n_30M,18,star,30M,45593.18,0.063,0.0,0.9921,0.006,0.06,33.39,13.53,0.9956,0.8837,0.9886,0.9734,ryu,0.1904,hybrid_p95,CONTROLLER
158,1,2026-05-15T10:19:39.849415,floodlight,Star_18n_30M,18,star,30M,35083.35,0.081,0.0,0.9921,0.035,32.06,326.6,22.63,0.5516,0.5695,0.9806,0.5907,ryu,0.1904,hybrid_p95,CONTROLLER
159,1,2026-05-15T10:22:11.426077,onos,Star_18n_30M,18,star,30M,41168.48,0.071,0.0,0.9921,0.01,20.07,752.92,21.7,0.8004,0.6322,0.9818,0.783,ryu,0.1904,hybrid_p95,CONTROLLER
160,1,2026-05-15T10:23:34.866974,ryu,Star_18n_80M,18,star,80M,41786.54,0.069,0.0,0.9921,0.01,0.06,33.4,18.8,0.8247,0.8836,0.9842,0.8493,floodlight,0.0307,hybrid_p95,CONTROLLER
161,1,2026-05-15T10:25:00.233043,floodlight,Star_18n_80M,18,star,80M,37399.92,0.055,0.0,0.9921,0.01,36.89,345.72,23.04,0.9614,0.5314,0.9807,0.88,floodlight,0.0307,hybrid_p95,CONTROLLER
163,1,2026-05-15T10:28:57.139408,ryu,Star_18n_180M,18,star,180M,40186.65,0.07,0.0,0.9921,0.013,0.06,33.38,16.23,0.9525,0.8837,0.9863,0.942,ryu,0.1083,hybrid_p95,CONTROLLER
164,1,2026-05-15T10:30:22.832934,floodlight,Star_18n_180M,18,star,180M,27278.88,0.062,0.0,0.9921,0.016,41.49,325.9,17.75,0.9056,0.4987,0.985,0.8337,ryu,0.1083,hybrid_p95,CONTROLLER
165,1,2026-05-15T10:32:57.569839,onos,Star_18n_180M,18,star,180M,46787.03,0.286,0.0,0.9921,0.556,12.13,786.81,16.66,0.6416,0.6904,0.9778,0.6789,ryu,0.1083,hybrid_p95,CONTROLLER
1,1,2026-07-13T17:36:17.855778,ryu,Mesh_4n_10M,4,mesh,10M,30662.46,0.108,0.0,1.0,0.036,0.38,35.22,17.58,0.556,0.8796,0.9848,0.654,onos,0.1721,hybrid_p95,CONTROLLER
2,1,2026-07-13T17:38:12.029375,floodlight,Mesh_4n_10M,4,mesh,10M,32804.25,0.087,0.0,1.0,0.01,33.48,418.7,19.43,0.7802,0.5507,0.9837,0.7528,onos,0.1721,hybrid_p95,CONTROLLER
3,1,2026-07-13T17:40:43.038959,onos,Mesh_4n_10M,4,mesh,10M,46958.39,0.073,0.0,1.0,0.009,21.43,840.26,20.77,1.0,0.6184,0.9826,0.9249,onos,0.1721,hybrid_p95,CONTROLLER
4,1,2026-07-13T17:42:35.074181,ryu,Mesh_4n_100M,4,mesh,100M,36006.99,0.103,0.0,1.0,0.006,0.4,35.23,21.01,0.563,0.8794,0.9824,0.6589,onos,0.2751,hybrid_p95,CONTROLLER
5,1,2026-07-13T17:44:29.179511,floodlight,Mesh_4n_100M,4,mesh,100M,35035.17,0.102,0.0,1.0,0.033,31.85,419.1,19.1,0.5696,0.5629,0.9836,0.6027,onos,0.2751,hybrid_p95,CONTROLLER
6,1,2026-07-13T17:47:00.246396,onos,Mesh_4n_100M,4,mesh,100M,47502.12,0.077,0.0,1.0,0.006,14.74,910.8,21.65,1.0,0.666,0.9819,0.934,onos,0.2751,hybrid_p95,CONTROLLER
7,1,2026-07-13T17:48:52.252333,ryu,Mesh_4n_1000M,4,mesh,1000M,32284.13,0.096,0.0,1.0,0.006,0.49,35.21,18.36,0.5718,0.8787,0.9846,0.6653,onos,0.0568,hybrid_p95,CONTROLLER
8,1,2026-07-13T17:50:46.356706,floodlight,Mesh_4n_1000M,4,mesh,1000M,30370.72,0.071,0.351,1.0,0.021,29.92,419.21,18.03,0.91,0.5774,0.9847,0.852,onos,0.0568,hybrid_p95,CONTROLLER
9,1,2026-07-13T17:53:19.494081,onos,Mesh_4n_1000M,4,mesh,1000M,41252.99,0.073,0.0,1.0,0.007,18.94,746.04,19.58,0.9717,0.641,0.9836,0.9088,onos,0.0568,hybrid_p95,CONTROLLER
10,1,2026-07-13T17:55:11.966164,ryu,Mesh_5n_10M,5,mesh,10M,27627.29,0.115,0.0,1.0,0.013,0.69,35.27,17.99,0.5631,0.8772,0.9848,0.6588,onos,0.2641,hybrid_p95,CONTROLLER
11,1,2026-07-13T17:57:06.595762,floodlight,Mesh_5n_10M,5,mesh,10M,26174.73,0.106,0.0,1.0,0.011,50.05,488.52,15.53,0.6337,0.4212,0.9869,0.622,onos,0.2641,hybrid_p95,CONTROLLER
12,1,2026-07-13T17:59:38.950693,onos,Mesh_5n_10M,5,mesh,10M,44467.15,0.074,0.0,1.0,0.01,22.72,840.5,22.9,1.0,0.6087,0.9808,0.9229,onos,0.2641,hybrid_p95,CONTROLLER
13,1,2026-07-13T18:01:31.303560,ryu,Mesh_5n_100M,5,mesh,100M,41350.83,0.083,0.0,1.0,0.006,0.33,35.28,18.43,0.9023,0.8799,0.9846,0.9048,ryu,0.0117,hybrid_p95,CONTROLLER
14,1,2026-07-13T18:03:25.888190,floodlight,Mesh_5n_100M,5,mesh,100M,29506.3,0.104,0.0,1.0,0.011,33.73,437.4,13.56,0.556,0.5474,0.9885,0.5902,ryu,0.0117,hybrid_p95,CONTROLLER
15,1,2026-07-13T18:05:58.757487,onos,Mesh_5n_100M,5,mesh,100M,36718.09,0.075,0.0,1.0,0.016,25.86,795.5,23.71,0.9648,0.587,0.98,0.8931,ryu,0.0117,hybrid_p95,CONTROLLER
16,1,2026-07-13T18:07:51.307947,ryu,Mesh_5n_1000M,5,mesh,1000M,21714.72,0.115,0.178,1.0,0.027,0.56,35.28,13.68,0.6359,0.8781,0.9882,0.7119,onos,0.2095,hybrid_p95,CONTROLLER
17,1,2026-07-13T18:09:46.145832,floodlight,Mesh_5n_1000M,5,mesh,1000M,22889.92,0.122,0.007,1.0,0.037,49.39,456.42,18.49,0.5617,0.4284,0.984,0.5711,onos,0.2095,hybrid_p95,CONTROLLER
18,1,2026-07-13T18:12:21.800149,onos,Mesh_5n_1000M,5,mesh,1000M,40116.08,0.091,0.264,1.0,0.018,23.6,954.03,14.18,1.0,0.598,0.9879,0.9214,onos,0.2095,hybrid_p95,CONTROLLER
19,1,2026-07-13T18:14:14.864225,ryu,Mesh_6n_10M,6,mesh,10M,18510.85,0.158,0.0,1.0,0.037,0.72,35.34,16.65,0.556,0.8769,0.9856,0.6536,onos,0.0688,hybrid_p95,CONTROLLER
20,1,2026-07-13T18:16:10.133259,floodlight,Mesh_6n_10M,6,mesh,10M,32878.2,0.08,0.0,1.0,0.019,87.03,508.62,16.49,0.9703,0.1422,0.986,0.8118,onos,0.0688,hybrid_p95,CONTROLLER
21,1,2026-07-13T18:18:46.945855,onos,Mesh_6n_10M,6,mesh,10M,39947.82,0.09,0.0,1.0,0.023,28.71,918.71,24.74,0.9546,0.5608,0.979,0.8806,onos,0.0688,hybrid_p95,CONTROLLER
22,1,2026-07-13T18:20:39.942374,ryu,Mesh_6n_100M,6,mesh,100M,36277.3,0.087,0.0,1.0,0.016,0.67,35.34,17.11,0.9606,0.8773,0.9855,0.9466,ryu,0.0297,hybrid_p95,CONTROLLER
23,1,2026-07-13T18:22:35.103090,floodlight,Mesh_6n_100M,6,mesh,100M,20673.63,0.133,0.0,1.0,0.039,38.95,513.31,15.7,0.556,0.503,0.9863,0.5815,ryu,0.0297,hybrid_p95,CONTROLLER
24,1,2026-07-13T18:25:11.070852,onos,Mesh_6n_100M,6,mesh,100M,40102.28,0.084,0.0,1.0,0.014,26.79,870.72,20.24,1.0,0.577,0.9829,0.9169,ryu,0.0297,hybrid_p95,CONTROLLER
25,1,2026-07-13T18:27:04.060649,ryu,Mesh_6n_1000M,6,mesh,1000M,20831.38,0.144,0.002,1.0,0.03,0.72,35.32,15.98,0.556,0.8769,0.9862,0.6536,onos,0.1182,hybrid_p95,CONTROLLER
26,1,2026-07-13T18:28:59.305317,floodlight,Mesh_6n_1000M,6,mesh,1000M,35018.44,0.111,0.005,1.0,0.044,47.5,442.82,15.47,0.8724,0.4436,0.9864,0.7991,onos,0.1182,hybrid_p95,CONTROLLER
27,1,2026-07-13T18:31:36.071873,onos,Mesh_6n_1000M,6,mesh,1000M,39653.8,0.097,0.051,1.0,0.025,26.01,973.29,21.51,1.0,0.5792,0.9817,0.9173,onos,0.1182,hybrid_p95,CONTROLLER
2,1,2026-05-17T10:26:59.064797,floodlight,Star_8n_5M,8,star,5M,43256.34,0.064,0.0,1.0,0.017,30.64,345.4,17.77,0.91,0.5783,0.9849,0.8522,floodlight,0.1022,hybrid_p95,CONTROLLER
3,1,2026-05-17T10:29:32.349173,onos,Star_8n_5M,8,star,5M,44455.95,0.084,0.0,1.0,0.022,16.17,750.7,22.08,0.646,0.6616,0.9813,0.6768,floodlight,0.1022,hybrid_p95,CONTROLLER
4,1,2026-05-17T10:30:54.803407,ryu,Star_8n_15M,8,star,15M,40088.77,0.079,0.0,1.0,0.021,0.06,33.34,23.66,0.556,0.8837,0.98,0.6544,floodlight,0.2132,hybrid_p95,CONTROLLER
5,1,2026-05-17T10:32:19.368135,floodlight,Star_8n_15M,8,star,15M,41941.12,0.063,0.0,1.0,0.011,31.53,326.01,23.52,1.0,0.5735,0.9802,0.916,floodlight,0.2132,hybrid_p95,CONTROLLER
6,1,2026-05-17T10:34:51.626287,onos,Star_8n_15M,8,star,15M,41069.07,0.076,0.0,1.0,0.015,9.95,806.1,22.31,0.67,0.706,0.9812,0.7028,floodlight,0.2132,hybrid_p95,CONTROLLER
7,1,2026-05-17T10:36:14.056006,ryu,Star_8n_30M,8,star,30M,45046.01,0.088,0.0,1.0,0.023,0.06,33.33,21.86,0.9584,0.8837,0.9814,0.9459,ryu,0.0944,hybrid_p95,CONTROLLER
8,1,2026-05-17T10:37:38.577829,floodlight,Star_8n_30M,8,star,30M,42692.99,0.06,0.0,1.0,0.016,30.92,344.1,22.58,0.91,0.5764,0.9809,0.8515,ryu,0.0944,hybrid_p95,CONTROLLER
9,1,2026-05-17T10:40:11.698006,onos,Star_8n_30M,8,star,30M,44630.62,0.298,0.0,1.0,0.559,9.47,729.42,13.02,0.6301,0.7129,0.9808,0.6752,ryu,0.0944,hybrid_p95,CONTROLLER
10,1,2026-05-17T10:41:34.176263,ryu,Star_8n_80M,8,star,80M,45200.75,0.072,0.0,1.0,0.012,0.06,33.33,13.08,1.0,0.8837,0.9889,0.9766,ryu,0.1257,hybrid_p95,CONTROLLER
11,1,2026-05-17T10:42:58.729016,floodlight,Star_8n_80M,8,star,80M,43878.8,0.072,0.0,1.0,0.016,31.06,353.81,25.46,0.91,0.5744,0.9785,0.8509,ryu,0.1257,hybrid_p95,CONTROLLER
12,1,2026-05-17T10:45:32.636493,onos,Star_8n_80M,8,star,80M,44535.18,0.306,0.0,1.0,0.595,10.63,773.3,25.0,0.6007,0.7023,0.9702,0.651,ryu,0.1257,hybrid_p95,CONTROLLER
14,1,2026-05-17T10:48:19.654611,floodlight,Star_8n_180M,8,star,180M,43149.21,0.063,0.015,1.0,0.013,31.04,330.51,19.75,0.91,0.5768,0.9833,0.8518,floodlight,0.063,hybrid_p95,CONTROLLER
15,1,2026-05-17T10:50:53.371802,onos,Star_8n_180M,8,star,180M,45202.59,0.074,0.0,1.0,0.013,14.48,688.3,16.17,0.646,0.6772,0.9863,0.6803,floodlight,0.063,hybrid_p95,CONTROLLER
16,1,2026-05-17T10:52:15.878005,ryu,Star_9n_5M,9,star,5M,45051.56,0.078,0.0,1.0,0.013,0.06,33.34,15.43,0.9788,0.8837,0.9869,0.9612,ryu,0.0832,hybrid_p95,CONTROLLER
17,1,2026-05-17T10:53:40.717697,floodlight,Star_9n_5M,9,star,5M,41115.9,0.059,0.0,1.0,0.011,45.26,350.7,19.9,0.9752,0.468,0.9833,0.878,ryu,0.0832,hybrid_p95,CONTROLLER
18,1,2026-05-17T10:56:15.406791,onos,Star_9n_5M,9,star,5M,30785.39,0.377,0.0,1.0,0.711,10.8,688.5,17.24,0.556,0.7048,0.975,0.6195,ryu,0.0832,hybrid_p95,CONTROLLER
19,1,2026-05-17T10:57:38.316038,ryu,Star_9n_15M,9,star,15M,30378.39,0.086,0.0,1.0,0.018,0.1,33.34,16.98,0.881,0.8834,0.9856,0.8901,floodlight,0.0229,hybrid_p95,CONTROLLER
21,1,2026-05-17T11:01:37.373094,onos,Star_9n_15M,9,star,15M,35162.71,0.355,0.0,1.0,0.729,14.55,776.7,17.82,0.6041,0.6727,0.9742,0.6481,floodlight,0.0229,hybrid_p95,CONTROLLER
22,1,2026-05-17T11:02:59.890750,ryu,Star_9n_30M,9,star,30M,43691.39,0.074,0.0,1.0,0.01,0.06,33.33,19.4,1.0,0.8837,0.9837,0.9762,ryu,0.0825,hybrid_p95,CONTROLLER
23,1,2026-05-17T11:04:24.531211,floodlight,Star_9n_30M,9,star,30M,41311.59,0.08,0.0,1.0,0.023,32.27,348.96,18.15,0.9708,0.5658,0.9845,0.8937,ryu,0.0825,hybrid_p95,CONTROLLER
24,1,2026-05-17T11:07:09.375419,onos,Star_9n_30M,9,star,30M,31264.59,0.251,0.0,1.0,0.427,23.67,746.9,15.7,0.556,0.6055,0.9805,0.6008,ryu,0.0825,hybrid_p95,CONTROLLER
28,1,2026-05-17T11:13:53.551677,ryu,Star_9n_180M,9,star,180M,43890.95,0.079,0.0,1.0,0.019,0.06,33.33,20.03,0.9826,0.8837,0.983,0.9636,ryu,0.1205,hybrid_p95,CONTROLLER
29,1,2026-05-17T11:15:18.243766,floodlight,Star_9n_180M,9,star,180M,42164.29,0.068,0.0,1.0,0.019,37.31,329.3,14.66,0.91,0.5298,0.9875,0.8431,ryu,0.1205,hybrid_p95,CONTROLLER
30,1,2026-05-17T11:17:51.834224,onos,Star_9n_180M,9,star,180M,42647.02,0.292,0.0,1.0,0.591,12.52,872.54,23.88,0.5812,0.6841,0.9712,0.6334,ryu,0.1205,hybrid_p95,CONTROLLER
31,1,2026-05-17T11:19:14.369293,ryu,Star_10n_5M,10,star,5M,43587.06,0.073,0.0,1.0,0.011,0.07,33.34,12.69,0.7908,0.8836,0.9893,0.8252,floodlight,0.025,hybrid_p95,CONTROLLER
33,1,2026-05-17T11:23:12.278307,onos,Star_10n_5M,10,star,5M,42856.41,0.082,0.0,1.0,0.024,12.07,683.6,22.48,0.5975,0.6955,0.9809,0.6482,floodlight,0.025,hybrid_p95,CONTROLLER
34,1,2026-05-17T11:24:34.869489,ryu,Star_10n_15M,10,star,15M,43672.22,0.077,0.0,1.0,0.016,0.06,33.34,13.42,0.9796,0.8837,0.9886,0.9618,ryu,0.1111,hybrid_p95,CONTROLLER
35,1,2026-05-17T11:25:59.636764,floodlight,Star_10n_15M,10,star,15M,41502.98,0.061,0.0,1.0,0.015,31.53,353.9,19.08,0.91,0.5709,0.9839,0.8507,ryu,0.1111,hybrid_p95,CONTROLLER
36,1,2026-05-17T11:28:33.158180,onos,Star_10n_15M,10,star,15M,42351.84,0.338,0.0,1.0,0.704,12.91,737.0,13.83,0.5912,0.6867,0.9779,0.6417,ryu,0.1111,hybrid_p95,CONTROLLER
37,1,2026-05-17T11:29:55.678554,ryu,Star_10n_30M,10,star,30M,43388.59,0.075,0.0,1.0,0.016,0.06,33.34,17.74,0.977,0.8837,0.985,0.9596,ryu,0.1095,hybrid_p95,CONTROLLER
38,1,2026-05-17T11:31:20.422485,floodlight,Star_10n_30M,10,star,30M,42781.01,0.062,0.0,1.0,0.009,31.63,405.9,13.02,0.91,0.5656,0.989,0.8501,ryu,0.1095,hybrid_p95,CONTROLLER
39,1,2026-05-17T11:33:53.985529,onos,Star_10n_30M,10,star,30M,42807.01,0.262,0.0,1.0,0.519,12.82,645.12,13.55,0.5599,0.6917,0.9809,0.6202,ryu,0.1095,hybrid_p95,CONTROLLER
40,1,2026-05-17T11:35:16.551349,ryu,Star_10n_80M,10,star,80M,44597.59,0.075,0.0,1.0,0.011,0.06,33.35,18.02,0.7876,0.8837,0.9848,0.8225,floodlight,0.0611,hybrid_p95,CONTROLLER
41,1,2026-05-17T11:36:41.248449,floodlight,Star_10n_80M,10,star,80M,42175.84,0.06,0.0,1.0,0.009,38.45,334.4,21.23,0.969,0.5207,0.9822,0.8836,floodlight,0.0611,hybrid_p95,CONTROLLER
42,1,2026-05-17T11:39:15.451193,onos,Star_10n_80M,10,star,80M,37570.36,0.085,0.0,1.0,0.018,11.66,745.04,16.65,0.556,0.6957,0.9859,0.6186,floodlight,0.0611,hybrid_p95,CONTROLLER
43,1,2026-05-17T11:40:38.010667,ryu,Star_10n_180M,10,star,180M,43965.76,0.078,0.0,1.0,0.011,0.07,33.34,19.12,0.9719,0.8836,0.9839,0.9558,ryu,0.1044,hybrid_p95,CONTROLLER
44,1,2026-05-17T11:42:02.736108,floodlight,Star_10n_180M,10,star,180M,41767.45,0.061,0.0,1.0,0.013,31.48,310.11,21.37,0.91,0.5755,0.982,0.8514,ryu,0.1044,hybrid_p95,CONTROLLER
45,1,2026-05-17T11:44:36.968088,onos,Star_10n_180M,10,star,180M,42794.98,0.275,0.0,1.0,0.519,7.01,811.4,17.93,0.5981,0.7279,0.9773,0.6546,ryu,0.1044,hybrid_p95,CONTROLLER
46,1,2026-05-17T11:45:59.597353,ryu,Star_11n_5M,11,star,5M,43803.68,0.075,0.0,0.999,0.014,0.07,33.34,23.35,0.9994,0.8836,0.9803,0.9755,ryu,0.1874,hybrid_p95,CONTROLLER
47,1,2026-05-17T11:47:24.402157,floodlight,Star_11n_5M,11,star,5M,42083.72,0.077,0.0,0.999,0.016,30.43,316.91,24.68,0.8209,0.5827,0.9792,0.7881,ryu,0.1874,hybrid_p95,CONTROLLER
48,1,2026-05-17T11:49:58.248041,onos,Star_11n_5M,11,star,5M,42977.94,0.083,0.0,0.999,0.014,9.95,778.42,17.64,0.6022,0.7071,0.9851,0.6543,ryu,0.1874,hybrid_p95,CONTROLLER
49,1,2026-05-17T11:51:20.912250,ryu,Star_11n_15M,11,star,15M,44546.89,0.082,0.0,0.999,0.019,0.06,33.35,21.65,0.9761,0.8837,0.9817,0.9587,ryu,0.1093,hybrid_p95,CONTROLLER
50,1,2026-05-17T11:52:45.714395,floodlight,Star_11n_15M,11,star,15M,41781.77,0.069,0.0,0.999,0.013,32.57,311.73,21.95,0.9094,0.5672,0.9815,0.8494,ryu,0.1093,hybrid_p95,CONTROLLER
51,1,2026-05-17T11:55:20.205043,onos,Star_11n_15M,11,star,15M,42951.91,0.266,0.0,0.999,0.503,7.74,741.1,13.22,0.5935,0.7254,0.9814,0.6512,ryu,0.1093,hybrid_p95,CONTROLLER
52,1,2026-05-17T11:56:42.879565,ryu,Star_11n_30M,11,star,30M,43558.87,0.093,0.0,0.999,0.032,0.05,33.36,20.97,0.96,0.8838,0.982,0.9471,ryu,0.0492,hybrid_p95,CONTROLLER
53,1,2026-05-17T11:58:07.712879,floodlight,Star_11n_30M,11,star,30M,42220.04,0.064,0.0,0.999,0.016,35.24,320.82,15.28,0.9814,0.5462,0.987,0.8979,ryu,0.0492,hybrid_p95,CONTROLLER
54,1,2026-05-17T12:00:40.933335,onos,Star_11n_30M,11,star,30M,36868.84,0.324,0.0,0.999,0.669,10.43,751.5,25.53,0.5554,0.7047,0.9687,0.6186,ryu,0.0492,hybrid_p95,CONTROLLER
55,1,2026-05-17T12:02:03.752075,ryu,Star_11n_80M,11,star,80M,37634.24,0.117,0.0,0.999,0.104,0.05,33.34,13.19,0.8224,0.8838,0.9874,0.848,floodlight,0.0591,hybrid_p95,CONTROLLER
56,1,2026-05-17T12:03:28.751938,floodlight,Star_11n_80M,11,star,80M,44636.51,0.058,0.0,0.999,0.007,31.14,333.2,19.68,0.9867,0.5758,0.9835,0.9071,floodlight,0.0591,hybrid_p95,CONTROLLER
57,1,2026-05-17T12:06:00.328886,onos,Star_11n_80M,11,star,80M,45795.35,0.298,0.0,0.999,0.609,10.16,718.4,22.3,0.6454,0.7082,0.9723,0.6847,floodlight,0.0591,hybrid_p95,CONTROLLER
58,1,2026-05-17T12:07:22.901918,ryu,Star_11n_180M,11,star,180M,45449.2,0.065,0.0,0.999,0.011,0.06,33.35,23.01,0.9007,0.8837,0.9807,0.9041,ryu,0.0522,hybrid_p95,CONTROLLER
59,1,2026-05-17T12:08:47.587374,floodlight,Star_11n_180M,11,star,180M,45550.43,0.061,0.0,0.999,0.013,40.53,341.4,15.54,0.929,0.5044,0.9869,0.8519,ryu,0.0522,hybrid_p95,CONTROLLER
60,1,2026-05-17T12:11:19.557213,onos,Star_11n_180M,11,star,180M,45913.91,0.223,0.0,0.999,0.395,7.63,739.22,24.38,0.6454,0.7263,0.9738,0.6883,ryu,0.0522,hybrid_p95,CONTROLLER
61,1,2026-05-17T12:12:42.152682,ryu,Star_12n_5M,12,star,5M,45313.04,0.063,0.0,0.998,0.007,0.04,33.34,17.01,0.7568,0.8839,0.9857,0.8004,floodlight,0.0501,hybrid_p95,CONTROLLER
63,1,2026-05-17T12:16:39.572353,onos,Star_12n_5M,12,star,5M,45412.47,0.069,0.0,0.998,0.01,10.02,726.6,20.44,0.6449,0.7089,0.9828,0.6853,floodlight,0.0501,hybrid_p95,CONTROLLER
64,1,2026-05-17T12:18:02.161082,ryu,Star_12n_15M,12,star,15M,45810.96,0.071,0.0,0.998,0.007,0.06,33.35,12.16,0.9651,0.8837,0.9898,0.9514,ryu,0.1125,hybrid_p95,CONTROLLER
65,1,2026-05-17T12:19:26.883551,floodlight,Star_12n_15M,12,star,15M,40409.75,0.052,0.0,0.998,0.01,39.36,340.1,17.78,0.9089,0.5133,0.985,0.8389,ryu,0.1125,hybrid_p95,CONTROLLER
66,1,2026-05-17T12:22:01.274569,onos,Star_12n_15M,12,star,15M,43479.97,0.251,0.0,0.998,0.443,10.76,699.4,23.25,0.606,0.7046,0.974,0.6556,ryu,0.1125,hybrid_p95,CONTROLLER
67,1,2026-05-17T12:23:23.966390,ryu,Star_12n_30M,12,star,30M,43445.97,0.075,0.0,0.998,0.011,0.06,33.35,16.59,0.6729,0.8837,0.986,0.7396,floodlight,0.1034,hybrid_p95,CONTROLLER
68,1,2026-05-17T12:24:48.774086,floodlight,Star_12n_30M,12,star,30M,38100.27,0.065,0.0,0.998,0.013,36.12,360.12,20.91,0.9089,0.5358,0.9824,0.843,floodlight,0.1034,hybrid_p95,CONTROLLER
69,1,2026-05-17T12:27:22.200250,onos,Star_12n_30M,12,star,30M,43704.31,0.076,0.0,0.998,0.011,16.1,716.8,14.02,0.6449,0.6637,0.9882,0.677,floodlight,0.1034,hybrid_p95,CONTROLLER
70,1,2026-05-17T12:28:44.922755,ryu,Star_12n_80M,12,star,80M,43775.84,0.085,0.0,0.998,0.011,0.06,33.36,13.34,0.6805,0.8837,0.9887,0.7453,floodlight,0.1055,hybrid_p95,CONTROLLER
72,1,2026-05-17T12:32:42.101070,onos,Star_12n_80M,12,star,80M,44165.17,0.088,0.0,0.998,0.027,6.95,760.81,22.91,0.6449,0.7304,0.9805,0.6892,floodlight,0.1055,hybrid_p95,CONTROLLER
73,1,2026-05-17T12:34:04.826213,ryu,Star_12n_180M,12,star,180M,44248.15,0.07,0.0,0.998,0.015,0.07,33.35,17.9,0.9916,0.8836,0.9849,0.9702,ryu,0.1105,hybrid_p95,CONTROLLER
74,1,2026-05-17T12:35:29.707324,floodlight,Star_12n_180M,12,star,180M,43628.68,0.064,0.01,0.9979,0.009,33.54,327.91,14.61,0.9255,0.5582,0.9877,0.8597,ryu,0.1105,hybrid_p95,CONTROLLER
75,1,2026-05-17T12:38:04.090129,onos,Star_12n_180M,12,star,180M,43488.39,0.354,0.0,0.998,0.691,24.07,755.8,14.46,0.5549,0.6021,0.9776,0.5991,ryu,0.1105,hybrid_p95,CONTROLLER
76,1,2026-05-17T12:39:26.876507,ryu,Star_13n_5M,13,star,5M,44819.63,0.079,0.0,0.997,0.023,0.06,33.36,14.32,0.6443,0.8837,0.9877,0.719,floodlight,0.1362,hybrid_p95,CONTROLLER
78,1,2026-05-17T12:43:25.614985,onos,Star_13n_5M,13,star,5M,43129.54,0.077,0.0,0.997,0.022,11.74,762.82,27.4,0.6959,0.6944,0.9768,0.7189,floodlight,0.1362,hybrid_p95,CONTROLLER
79,1,2026-05-17T12:44:48.428779,ryu,Star_13n_15M,13,star,15M,43632.68,0.069,0.0,0.997,0.008,0.06,33.35,22.85,0.9983,0.8837,0.9808,0.9748,ryu,0.13,hybrid_p95,CONTROLLER
80,1,2026-05-17T12:46:13.553318,floodlight,Star_13n_15M,13,star,15M,43066.14,0.073,0.0,0.997,0.023,31.43,341.42,20.11,0.9014,0.5728,0.9829,0.8448,ryu,0.13,hybrid_p95,CONTROLLER
81,1,2026-05-17T12:48:46.139234,onos,Star_13n_15M,13,star,15M,43245.72,0.274,0.0,0.997,0.515,13.45,697.8,16.03,0.5829,0.6844,0.9789,0.6353,ryu,0.13,hybrid_p95,CONTROLLER
82,1,2026-05-17T12:50:08.953440,ryu,Star_13n_30M,13,star,30M,44764.48,0.073,0.0,0.997,0.013,0.06,33.36,20.59,0.9869,0.8837,0.9826,0.9666,ryu,0.1182,hybrid_p95,CONTROLLER
83,1,2026-05-17T12:51:33.889382,floodlight,Star_13n_30M,13,star,30M,44194.84,0.067,0.0,0.997,0.008,32.39,335.7,21.92,0.9083,0.5661,0.9816,0.8484,ryu,0.1182,hybrid_p95,CONTROLLER
84,1,2026-05-17T12:54:08.148536,onos,Star_13n_30M,13,star,30M,44333.85,0.252,0.0,0.997,0.482,13.85,730.3,18.36,0.5763,0.6799,0.9775,0.6296,ryu,0.1182,hybrid_p95,CONTROLLER
85,1,2026-05-17T12:55:30.799106,ryu,Star_13n_80M,13,star,80M,49683.06,0.067,0.0,0.997,0.004,0.07,33.36,19.04,0.9539,0.8836,0.9841,0.9428,ryu,0.0953,hybrid_p95,CONTROLLER
86,1,2026-05-17T12:56:55.464163,floodlight,Star_13n_80M,13,star,80M,48548.14,0.052,0.0,0.997,0.008,32.89,349.52,19.57,0.9083,0.561,0.9836,0.8475,ryu,0.0953,hybrid_p95,CONTROLLER
87,1,2026-05-17T12:59:26.957228,onos,Star_13n_80M,13,star,80M,49924.08,0.237,0.0,0.997,0.45,5.82,775.92,18.65,0.6443,0.7383,0.9777,0.6901,ryu,0.0953,hybrid_p95,CONTROLLER
88,1,2026-05-17T13:00:49.444669,ryu,Star_13n_180M,13,star,180M,48990.1,0.059,0.0,0.997,0.007,0.06,33.36,13.67,0.9242,0.8837,0.9885,0.9217,ryu,0.0758,hybrid_p95,CONTROLLER
89,1,2026-05-17T13:02:14.111880,floodlight,Star_13n_180M,13,star,180M,48630.98,0.062,0.0,0.997,0.008,31.49,383.32,19.42,0.9041,0.5685,0.9837,0.8459,ryu,0.0758,hybrid_p95,CONTROLLER
90,1,2026-05-17T13:04:46.115015,onos,Star_13n_180M,13,star,180M,50673.54,0.308,0.0,0.997,0.633,8.01,729.2,19.64,0.6443,0.7239,0.9741,0.6871,ryu,0.0758,hybrid_p95,CONTROLLER
91,1,2026-05-17T13:06:08.721708,ryu,Star_14n_5M,14,star,5M,49614.38,0.065,0.0,0.996,0.003,0.06,33.36,22.95,0.9612,0.8837,0.9808,0.9478,ryu,0.0985,hybrid_p95,CONTROLLER
92,1,2026-05-17T13:07:33.544152,floodlight,Star_14n_5M,14,star,5M,48437.06,0.057,0.0,0.996,0.006,31.35,345.0,21.35,0.9078,0.573,0.9821,0.8493,ryu,0.0985,hybrid_p95,CONTROLLER
93,1,2026-05-17T13:10:05.513263,onos,Star_14n_5M,14,star,5M,49983.28,0.244,0.0,0.996,0.482,10.55,799.5,12.54,0.6438,0.7018,0.9823,0.6831,ryu,0.0985,hybrid_p95,CONTROLLER
94,1,2026-05-17T13:11:28.189509,ryu,Star_14n_15M,14,star,15M,49501.6,0.077,0.0,0.996,0.009,0.06,33.39,19.68,0.6438,0.8837,0.9835,0.7183,floodlight,0.0396,hybrid_p95,CONTROLLER
96,1,2026-05-17T13:15:24.981749,onos,Star_14n_15M,14,star,15M,49262.3,0.066,0.0,0.996,0.006,17.32,771.82,12.63,0.8284,0.6521,0.9894,0.8077,floodlight,0.0396,hybrid_p95,CONTROLLER
99,1,2026-05-17T13:20:44.066217,onos,Star_14n_30M,14,star,30M,49222.85,0.07,0.0,0.996,0.005,22.11,811.1,12.97,0.6053,0.6145,0.9891,0.6389,floodlight,0.0262,hybrid_p95,CONTROLLER
100,1,2026-05-17T13:22:06.769662,ryu,Star_14n_80M,14,star,80M,50819.76,0.069,0.0,0.996,0.004,0.07,33.36,20.58,0.9772,0.8836,0.9828,0.9596,ryu,0.1137,hybrid_p95,CONTROLLER
101,1,2026-05-17T13:23:31.446698,floodlight,Star_14n_80M,14,star,80M,48517.93,0.054,0.0,0.996,0.007,34.11,319.4,20.9,0.9078,0.5548,0.9825,0.8459,ryu,0.1137,hybrid_p95,CONTROLLER
102,1,2026-05-17T13:26:02.997315,onos,Star_14n_80M,14,star,80M,50137.19,0.312,0.0,0.996,0.642,12.07,692.5,19.9,0.6171,0.6951,0.9738,0.6618,ryu,0.1137,hybrid_p95,CONTROLLER
104,1,2026-05-17T13:28:50.414410,floodlight,Star_14n_180M,14,star,180M,48846.27,0.058,0.008,0.9959,0.005,32.49,330.3,13.24,0.9077,0.5659,0.9889,0.8485,floodlight,0.1015,hybrid_p95,CONTROLLER
105,1,2026-05-17T13:31:22.384343,onos,Star_14n_180M,14,star,180M,50653.13,0.072,0.0,0.996,0.006,12.63,792.94,20.62,0.6438,0.6864,0.9827,0.6801,floodlight,0.1015,hybrid_p95,CONTROLLER
107,1,2026-05-17T13:34:09.885797,floodlight,Star_15n_5M,15,star,5M,48795.24,0.056,0.0,0.995,0.005,40.35,331.82,20.45,0.9072,0.5067,0.9829,0.8362,floodlight,0.1185,hybrid_p95,CONTROLLER
108,1,2026-05-17T13:36:41.634483,onos,Star_15n_5M,15,star,5M,49373.79,0.068,0.0,0.995,0.004,19.24,717.6,22.23,0.6609,0.64,0.9814,0.6835,floodlight,0.1185,hybrid_p95,CONTROLLER
111,1,2026-05-17T13:42:01.099880,onos,Star_15n_15M,15,star,15M,50576.11,0.073,0.0,0.995,0.006,6.99,725.2,12.9,0.6432,0.7317,0.9892,0.689,floodlight,0.0053,hybrid_p95,CONTROLLER
112,1,2026-05-17T13:43:23.833522,ryu,Star_15n_30M,15,star,30M,49996.14,0.07,0.0,0.995,0.008,0.06,33.36,20.74,0.9831,0.8837,0.9826,0.9638,ryu,0.114,hybrid_p95,CONTROLLER
113,1,2026-05-17T13:44:48.626728,floodlight,Star_15n_30M,15,star,30M,48662.71,0.059,0.0,0.995,0.008,31.48,326.4,11.74,0.9072,0.5739,0.9901,0.8498,ryu,0.114,hybrid_p95,CONTROLLER
114,1,2026-05-17T13:47:21.153309,onos,Star_15n_30M,15,star,30M,49926.19,0.334,0.0,0.995,0.699,11.06,804.8,20.8,0.6385,0.6977,0.9722,0.6776,ryu,0.114,hybrid_p95,CONTROLLER
115,1,2026-05-17T13:48:43.951310,ryu,Star_15n_80M,15,star,80M,50225.49,0.065,0.0,0.995,0.003,0.06,33.36,20.09,0.9855,0.8837,0.9832,0.9656,ryu,0.1214,hybrid_p95,CONTROLLER
116,1,2026-05-17T13:50:08.729510,floodlight,Star_15n_80M,15,star,80M,48600.78,0.058,0.0,0.995,0.007,35.38,287.02,22.63,0.9072,0.5488,0.981,0.8442,ryu,0.1214,hybrid_p95,CONTROLLER
117,1,2026-05-17T13:52:40.408193,onos,Star_15n_80M,15,star,80M,50278.75,0.337,0.0,0.995,0.706,9.9,946.22,21.02,0.6432,0.7011,0.9719,0.6817,ryu,0.1214,hybrid_p95,CONTROLLER
119,1,2026-05-17T13:55:28.083913,floodlight,Star_15n_180M,15,star,180M,48707.69,0.059,0.0,0.995,0.005,31.34,338.6,16.66,0.9072,0.5737,0.986,0.8494,floodlight,0.0812,hybrid_p95,CONTROLLER
120,1,2026-05-17T13:57:59.961120,onos,Star_15n_180M,15,star,180M,50330.38,0.066,0.0,0.995,0.003,8.04,742.7,19.16,0.7555,0.723,0.984,0.7682,floodlight,0.0812,hybrid_p95,CONTROLLER
121,1,2026-05-17T13:59:22.740006,ryu,Star_16n_5M,16,star,5M,49568.25,0.066,0.0,0.994,0.003,0.06,33.37,20.36,0.9495,0.8837,0.983,0.9396,ryu,0.0923,hybrid_p95,CONTROLLER
122,1,2026-05-17T14:00:47.693189,floodlight,Star_16n_5M,16,star,5M,47454.91,0.057,0.0,0.994,0.006,31.65,403.4,19.0,0.9067,0.5657,0.9841,0.8473,ryu,0.0923,hybrid_p95,CONTROLLER
123,1,2026-05-17T14:03:19.740246,onos,Star_16n_5M,16,star,5M,50856.7,0.3,0.0,0.994,0.605,8.22,723.43,25.14,0.6427,0.7225,0.97,0.6852,ryu,0.0923,hybrid_p95,CONTROLLER
124,1,2026-05-17T14:04:42.530496,ryu,Star_16n_15M,16,star,15M,49905.94,0.069,0.0,0.994,0.007,0.06,33.36,12.6,0.7213,0.8837,0.9894,0.7749,floodlight,0.0912,hybrid_p95,CONTROLLER
125,1,2026-05-17T14:06:07.360644,floodlight,Star_16n_15M,16,star,15M,48622.02,0.055,0.0,0.994,0.008,34.46,357.62,20.34,0.9373,0.5485,0.9829,0.8661,floodlight,0.0912,hybrid_p95,CONTROLLER
126,1,2026-05-17T14:08:39.233749,onos,Star_16n_15M,16,star,15M,47958.75,0.073,0.0,0.994,0.016,14.2,711.21,23.72,0.5527,0.6782,0.98,0.6124,floodlight,0.0912,hybrid_p95,CONTROLLER
127,1,2026-05-17T14:10:01.885908,ryu,Star_16n_30M,16,star,30M,48422.35,0.066,0.0,0.994,0.006,0.05,33.36,22.43,0.8956,0.8838,0.9812,0.9004,ryu,0.0207,hybrid_p95,CONTROLLER
128,1,2026-05-17T14:11:26.739803,floodlight,Star_16n_30M,16,star,30M,49062.56,0.058,0.0,0.994,0.007,34.45,344.41,18.26,0.9556,0.5498,0.9847,0.8797,ryu,0.0207,hybrid_p95,CONTROLLER
129,1,2026-05-17T14:13:58.636197,onos,Star_16n_30M,16,star,30M,49599.84,0.314,0.0,0.994,0.653,12.67,727.6,21.02,0.6427,0.6889,0.9727,0.679,ryu,0.0207,hybrid_p95,CONTROLLER
130,1,2026-05-17T14:15:21.362069,ryu,Star_16n_80M,16,star,80M,49223.6,0.067,0.0,0.994,0.011,0.07,33.37,17.54,0.955,0.8836,0.9852,0.9437,ryu,0.0962,hybrid_p95,CONTROLLER
131,1,2026-05-17T14:16:46.180587,floodlight,Star_16n_80M,16,star,80M,46980.11,0.054,0.0,0.994,0.008,32.75,324.0,12.38,0.9067,0.5646,0.9896,0.8475,ryu,0.0962,hybrid_p95,CONTROLLER
132,1,2026-05-17T14:19:18.514185,onos,Star_16n_80M,16,star,80M,49623.23,0.218,0.0,0.994,0.402,14.18,729.0,21.2,0.6427,0.6775,0.9763,0.6771,ryu,0.0962,hybrid_p95,CONTROLLER
133,1,2026-05-17T14:20:41.264630,ryu,Star_16n_180M,16,star,180M,49321.39,0.067,0.0,0.994,0.009,0.08,33.36,21.73,0.5527,0.8835,0.9818,0.6521,floodlight,0.1706,hybrid_p95,CONTROLLER
134,1,2026-05-17T14:22:06.127708,floodlight,Star_16n_180M,16,star,180M,49398.02,0.06,0.0,0.994,0.008,31.62,313.42,18.43,0.9124,0.5741,0.9845,0.8531,floodlight,0.1706,hybrid_p95,CONTROLLER
135,1,2026-05-17T14:24:37.959720,onos,Star_16n_180M,16,star,180M,50525.96,0.067,0.0,0.994,0.003,11.02,751.32,13.38,0.6427,0.7003,0.9888,0.6825,floodlight,0.1706,hybrid_p95,CONTROLLER
136,1,2026-05-17T14:26:00.777126,ryu,Star_17n_5M,17,star,5M,49206.24,0.064,0.0,0.993,0.005,0.06,33.39,22.06,0.9888,0.8837,0.9815,0.9679,ryu,0.1319,hybrid_p95,CONTROLLER
137,1,2026-05-17T14:27:25.707603,floodlight,Star_17n_5M,17,star,5M,48120.22,0.058,0.0,0.993,0.004,39.73,346.5,21.17,0.9061,0.51,0.9823,0.836,ryu,0.1319,hybrid_p95,CONTROLLER
138,1,2026-05-17T14:29:57.857865,onos,Star_17n_5M,17,star,5M,48725.48,0.347,0.0,0.993,0.73,9.02,733.71,18.12,0.6023,0.7161,0.9739,0.6551,ryu,0.1319,hybrid_p95,CONTROLLER
139,1,2026-05-17T14:31:20.700363,ryu,Star_17n_15M,17,star,15M,49635.71,0.074,0.0,0.993,0.007,0.07,33.38,19.02,0.9729,0.8836,0.984,0.9566,ryu,0.109,hybrid_p95,CONTROLLER
140,1,2026-05-17T14:32:45.645925,floodlight,Star_17n_15M,17,star,15M,48975.53,0.058,0.0,0.993,0.008,31.64,349.7,21.01,0.9061,0.5704,0.9824,0.8476,ryu,0.109,hybrid_p95,CONTROLLER
141,1,2026-05-17T14:35:18.203749,onos,Star_17n_15M,17,star,15M,49591.71,0.302,0.0,0.993,0.619,10.12,728.21,25.18,0.6361,0.7081,0.9697,0.6777,ryu,0.109,hybrid_p95,CONTROLLER
142,1,2026-05-17T14:36:41.051655,ryu,Star_17n_30M,17,star,30M,50127.59,0.064,0.0,0.993,0.01,0.06,33.38,20.71,0.9752,0.8837,0.9826,0.9581,ryu,0.1103,hybrid_p95,CONTROLLER
143,1,2026-05-17T14:38:06.026133,floodlight,Star_17n_30M,17,star,30M,48087.26,0.053,0.0,0.993,0.004,31.66,342.31,20.01,0.9061,0.571,0.9833,0.8478,ryu,0.1103,hybrid_p95,CONTROLLER
144,1,2026-05-17T14:40:37.976806,onos,Star_17n_30M,17,star,30M,49557.92,0.239,0.0,0.993,0.445,12.56,746.3,20.72,0.617,0.6889,0.9761,0.6607,ryu,0.1103,hybrid_p95,CONTROLLER
145,1,2026-05-17T14:42:00.809396,ryu,Star_17n_80M,17,star,80M,49916.34,0.069,0.0,0.993,0.006,0.06,33.38,21.8,0.9838,0.8837,0.9817,0.9643,ryu,0.1188,hybrid_p95,CONTROLLER
146,1,2026-05-17T14:43:25.748191,floodlight,Star_17n_80M,17,star,80M,48274.63,0.059,0.0,0.993,0.009,33.57,321.0,19.52,0.9061,0.5587,0.9836,0.8455,ryu,0.1188,hybrid_p95,CONTROLLER
147,1,2026-05-17T14:45:57.515883,onos,Star_17n_80M,17,star,80M,49914.46,0.346,0.0,0.993,0.73,11.8,740.8,13.53,0.642,0.6949,0.9778,0.6801,ryu,0.1188,hybrid_p95,CONTROLLER
148,1,2026-05-17T14:47:20.313257,ryu,Star_17n_180M,17,star,180M,49089.55,0.069,0.0,0.993,0.011,0.07,33.37,12.36,0.5809,0.8836,0.9895,0.6732,floodlight,0.1102,hybrid_p95,CONTROLLER
150,1,2026-05-17T14:51:17.907480,onos,Star_17n_180M,17,star,180M,49672.53,0.066,0.0,0.993,0.006,9.16,712.51,22.67,0.7129,0.716,0.981,0.7358,floodlight,0.1102,hybrid_p95,CONTROLLER
151,1,2026-05-17T14:52:40.799288,ryu,Star_18n_5M,18,star,5M,50054.31,0.066,0.0,0.9921,0.005,0.06,33.38,21.81,0.7933,0.8837,0.9817,0.8264,floodlight,0.0224,hybrid_p95,CONTROLLER
153,1,2026-05-17T14:56:38.383706,onos,Star_18n_5M,18,star,5M,48444.35,0.075,0.0,0.9921,0.011,8.16,750.91,22.22,0.557,0.7218,0.9813,0.624,floodlight,0.0224,hybrid_p95,CONTROLLER
154,1,2026-05-17T14:58:01.201524,ryu,Star_18n_15M,18,star,15M,49109.98,0.071,0.0,0.9921,0.013,0.07,33.38,19.57,0.9272,0.8836,0.9835,0.9234,ryu,0.0745,hybrid_p95,CONTROLLER
155,1,2026-05-17T14:59:26.275140,floodlight,Star_18n_15M,18,star,15M,48648.94,0.064,0.0,0.9921,0.01,31.32,293.93,20.88,0.9056,0.5785,0.9825,0.8489,ryu,0.0745,hybrid_p95,CONTROLLER
156,1,2026-05-17T15:01:58.820693,onos,Star_18n_15M,18,star,15M,49810.74,0.239,0.0,0.9921,0.46,10.66,774.0,13.21,0.6416,0.702,0.9821,0.6815,ryu,0.0745,hybrid_p95,CONTROLLER
159,1,2026-05-17T15:07:18.913811,onos,Star_18n_30M,18,star,30M,49913.97,0.063,0.0,0.9921,0.003,8.02,678.9,16.78,0.8322,0.7261,0.986,0.8245,floodlight,0.0199,hybrid_p95,CONTROLLER
160,1,2026-05-17T15:08:41.798775,ryu,Star_18n_80M,18,star,80M,50993.38,0.064,0.0,0.9921,0.007,0.06,33.38,22.31,0.9858,0.8837,0.9813,0.9657,ryu,0.1169,hybrid_p95,CONTROLLER
161,1,2026-05-17T15:10:06.747101,floodlight,Star_18n_80M,18,star,80M,48541.17,0.059,0.0,0.9921,0.006,30.85,328.61,21.98,0.9056,0.5784,0.9816,0.8488,ryu,0.1169,hybrid_p95,CONTROLLER
162,1,2026-05-17T15:12:39.095515,onos,Star_18n_80M,18,star,80M,49750.47,0.239,0.0,0.9921,0.443,14.24,728.06,20.3,0.596,0.6771,0.9764,0.6432,ryu,0.1169,hybrid_p95,CONTROLLER
165,1,2026-05-17T15:17:59.686371,onos,Star_18n_180M,18,star,180M,49219.29,0.066,0.0,0.9921,0.008,6.09,735.2,22.29,0.7812,0.738,0.9813,0.7895,floodlight,0.0585,hybrid_p95,CONTROLLER
1,1,2026-05-20T11:11:24.942827,ryu,Linear_4n_10M,4,linear,10M,47362.81,0.07,0.0,1.0,0.003,0.26,45.59,21.32,0.6394,0.8722,0.9822,0.7128,floodlight,0.1184,hybrid_p95,CONTROLLER
2,1,2026-05-20T11:12:54.408014,floodlight,Linear_4n_10M,4,linear,10M,43769.95,0.058,0.0,1.0,0.004,44.94,354.21,19.21,0.91,0.4701,0.9839,0.8312,floodlight,0.1184,hybrid_p95,CONTROLLER
3,1,2026-05-20T11:15:25.550982,onos,Linear_4n_10M,4,linear,10M,47646.96,0.069,0.0,1.0,0.005,10.58,759.97,22.48,0.6755,0.7032,0.9812,0.7062,floodlight,0.1184,hybrid_p95,CONTROLLER
4,1,2026-05-20T11:16:47.947894,ryu,Linear_4n_30M,4,linear,30M,47164.46,0.068,0.0,1.0,0.004,0.22,33.41,22.61,0.7977,0.8824,0.9811,0.8293,floodlight,0.0066,hybrid_p95,CONTROLLER
5,1,2026-05-20T11:18:17.417650,floodlight,Linear_4n_30M,4,linear,30M,45183.93,0.064,0.0,1.0,0.006,41.53,364.94,20.21,0.91,0.4947,0.9831,0.8359,floodlight,0.0066,hybrid_p95,CONTROLLER
6,1,2026-05-20T11:20:49.122544,onos,Linear_4n_30M,4,linear,30M,46321.67,0.071,0.0,1.0,0.01,23.99,774.83,15.81,0.6077,0.6019,0.9867,0.638,floodlight,0.0066,hybrid_p95,CONTROLLER
7,1,2026-05-20T11:22:11.508954,ryu,Linear_4n_60M,4,linear,60M,46934.84,0.068,0.0,1.0,0.002,0.3,33.43,21.06,0.7179,0.8818,0.9824,0.7715,floodlight,0.0684,hybrid_p95,CONTROLLER
8,1,2026-05-20T11:23:41.016974,floodlight,Linear_4n_60M,4,linear,60M,44986.33,0.062,0.0,1.0,0.004,39.09,369.01,12.88,0.91,0.5127,0.9892,0.8399,floodlight,0.0684,hybrid_p95,CONTROLLER
9,1,2026-05-20T11:26:12.781618,onos,Linear_4n_60M,4,linear,60M,47375.12,0.07,0.0,1.0,0.006,11.53,751.0,13.9,0.646,0.6965,0.9883,0.6842,floodlight,0.0684,hybrid_p95,CONTROLLER
10,1,2026-05-20T11:27:35.142615,ryu,Linear_4n_150M,4,linear,150M,47221.23,0.073,0.0,1.0,0.008,0.22,33.44,22.61,0.6195,0.8824,0.981,0.7002,floodlight,0.0095,hybrid_p95,CONTROLLER
11,1,2026-05-20T11:29:04.578689,floodlight,Linear_4n_150M,4,linear,150M,44958.71,0.063,0.0,1.0,0.006,35.41,357.5,20.55,0.91,0.5414,0.9828,0.8449,floodlight,0.0095,hybrid_p95,CONTROLLER
12,1,2026-05-20T11:31:36.489660,onos,Linear_4n_150M,4,linear,150M,48165.67,0.067,0.0,1.0,0.012,12.72,826.5,17.17,0.8584,0.6844,0.9855,0.8354,floodlight,0.0095,hybrid_p95,CONTROLLER
13,1,2026-05-20T11:32:58.889642,ryu,Linear_4n_300M,4,linear,300M,46350.77,0.069,0.0,1.0,0.008,0.21,33.43,12.37,0.6913,0.8825,0.9896,0.753,floodlight,0.0959,hybrid_p95,CONTROLLER
14,1,2026-05-20T11:34:28.403960,floodlight,Linear_4n_300M,4,linear,300M,44253.41,0.06,0.0,1.0,0.004,32.72,359.6,18.45,0.91,0.5614,0.9846,0.8489,floodlight,0.0959,hybrid_p95,CONTROLLER
15,1,2026-05-20T11:37:00.303898,onos,Linear_4n_300M,4,linear,300M,46914.89,0.071,0.0,1.0,0.007,20.18,751.1,22.85,0.646,0.6315,0.9809,0.671,floodlight,0.0959,hybrid_p95,CONTROLLER
16,1,2026-05-20T11:38:22.705371,ryu,Linear_5n_10M,5,linear,10M,47739.72,0.071,0.0,1.0,0.005,0.44,33.41,22.15,0.7168,0.8808,0.9815,0.7704,floodlight,0.0579,hybrid_p95,CONTROLLER
17,1,2026-05-20T11:39:52.264132,floodlight,Linear_5n_10M,5,linear,10M,45328.1,0.059,0.0,1.0,0.005,46.77,358.1,22.74,0.91,0.456,0.981,0.8283,floodlight,0.0579,hybrid_p95,CONTROLLER
18,1,2026-05-20T11:42:24.115039,onos,Linear_5n_10M,5,linear,10M,46973.77,0.074,0.0,1.0,0.004,15.3,791.34,22.16,0.6174,0.6664,0.9815,0.6571,floodlight,0.0579,hybrid_p95,CONTROLLER
19,1,2026-05-20T11:43:46.571907,ryu,Linear_5n_30M,5,linear,30M,47464.89,0.07,0.0,1.0,0.004,0.21,33.42,22.59,0.7764,0.8825,0.9811,0.8139,floodlight,0.0246,hybrid_p95,CONTROLLER
20,1,2026-05-20T11:45:16.101218,floodlight,Linear_5n_30M,5,linear,30M,45191.0,0.058,0.0,1.0,0.006,40.25,343.52,14.75,0.91,0.5063,0.9876,0.8385,floodlight,0.0246,hybrid_p95,CONTROLLER
21,1,2026-05-20T11:47:47.722433,onos,Linear_5n_30M,5,linear,30M,47045.64,0.077,0.0,1.0,0.009,17.6,729.3,18.6,0.6294,0.6518,0.9844,0.6632,floodlight,0.0246,hybrid_p95,CONTROLLER
22,1,2026-05-20T11:49:10.057880,ryu,Linear_5n_60M,5,linear,60M,47932.04,0.069,0.0,1.0,0.007,0.17,33.41,18.86,0.6755,0.8828,0.9842,0.7411,floodlight,0.0924,hybrid_p95,CONTROLLER
23,1,2026-05-20T11:50:39.567770,floodlight,Linear_5n_60M,5,linear,60M,45772.26,0.058,0.0,1.0,0.011,43.39,352.9,19.3,0.91,0.4819,0.9838,0.8335,floodlight,0.0924,hybrid_p95,CONTROLLER
24,1,2026-05-20T11:53:11.595958,onos,Linear_5n_60M,5,linear,60M,46833.91,0.07,0.0,1.0,0.003,17.78,778.14,26.72,0.6002,0.6484,0.9777,0.6409,floodlight,0.0924,hybrid_p95,CONTROLLER
25,1,2026-05-20T11:54:33.993824,ryu,Linear_5n_150M,5,linear,150M,47762.38,0.068,0.0,1.0,0.006,0.17,33.42,21.85,0.9213,0.8828,0.9817,0.9189,ryu,0.0807,hybrid_p95,CONTROLLER
26,1,2026-05-20T11:56:03.452932,floodlight,Linear_5n_150M,5,linear,150M,45108.11,0.066,0.0,1.0,0.008,39.79,377.31,20.73,0.91,0.5067,0.9826,0.8382,ryu,0.0807,hybrid_p95,CONTROLLER
27,1,2026-05-20T11:58:35.341794,onos,Linear_5n_150M,5,linear,150M,46930.37,0.075,0.0,1.0,0.007,16.44,836.2,20.42,0.6178,0.6561,0.9829,0.6555,ryu,0.0807,hybrid_p95,CONTROLLER
28,1,2026-05-20T11:59:57.792701,ryu,Linear_5n_300M,5,linear,300M,47033.88,0.074,0.0,1.0,0.006,0.27,33.42,21.45,0.646,0.882,0.982,0.7194,floodlight,0.0045,hybrid_p95,CONTROLLER
29,1,2026-05-20T12:01:27.245686,floodlight,Linear_5n_300M,5,linear,300M,45461.78,0.065,0.0,1.0,0.007,47.23,359.3,18.62,0.91,0.4525,0.9844,0.8279,floodlight,0.0045,hybrid_p95,CONTROLLER
30,1,2026-05-20T12:03:59.120614,onos,Linear_5n_300M,5,linear,300M,46966.67,0.069,0.0,1.0,0.008,11.01,827.6,21.42,0.8388,0.6972,0.982,0.8234,floodlight,0.0045,hybrid_p95,CONTROLLER
31,1,2026-05-20T12:05:21.899233,ryu,Linear_6n_10M,6,linear,10M,45220.88,0.071,0.0,1.0,0.013,0.53,33.61,22.73,0.7876,0.8799,0.9809,0.8215,ryu,0.0009,hybrid_p95,CONTROLLER
32,1,2026-05-20T12:06:51.859968,floodlight,Linear_6n_10M,6,linear,10M,43058.39,0.065,0.0,1.0,0.006,51.79,388.01,21.39,0.91,0.4157,0.9821,0.8206,ryu,0.0009,hybrid_p95,CONTROLLER
33,1,2026-05-20T12:09:23.589071,onos,Linear_6n_10M,6,linear,10M,44272.63,0.075,0.0,1.0,0.01,12.26,749.1,22.88,0.6065,0.6911,0.9808,0.6539,ryu,0.0009,hybrid_p95,CONTROLLER
34,1,2026-05-20T12:10:46.371764,ryu,Linear_6n_30M,6,linear,30M,44324.03,0.074,0.0,1.0,0.005,0.96,33.59,21.25,0.7381,0.8767,0.9822,0.7851,floodlight,0.063,hybrid_p95,CONTROLLER
35,1,2026-05-20T12:12:16.241329,floodlight,Linear_6n_30M,6,linear,30M,43201.79,0.063,0.0,1.0,0.008,32.8,377.36,24.22,0.91,0.5592,0.9797,0.8481,floodlight,0.063,hybrid_p95,CONTROLLER
36,1,2026-05-20T12:14:48.725354,onos,Linear_6n_30M,6,linear,30M,44970.0,0.08,0.0,1.0,0.008,16.72,845.7,25.84,0.646,0.6536,0.9783,0.675,floodlight,0.063,hybrid_p95,CONTROLLER
37,1,2026-05-20T12:16:11.593676,ryu,Linear_6n_60M,6,linear,60M,45076.91,0.074,0.0,1.0,0.006,0.67,33.58,20.77,0.6455,0.8789,0.9826,0.7185,floodlight,0.0173,hybrid_p95,CONTROLLER
38,1,2026-05-20T12:17:41.519116,floodlight,Linear_6n_60M,6,linear,60M,42246.73,0.066,0.0,1.0,0.014,33.66,355.1,22.62,0.91,0.5547,0.9809,0.8473,floodlight,0.0173,hybrid_p95,CONTROLLER
39,1,2026-05-20T12:20:14.081447,onos,Linear_6n_60M,6,linear,60M,45092.31,0.069,0.0,1.0,0.009,20.46,852.52,21.79,0.8672,0.6252,0.9817,0.83,floodlight,0.0173,hybrid_p95,CONTROLLER
40,1,2026-05-20T12:21:36.927595,ryu,Linear_6n_150M,6,linear,150M,45674.96,0.075,0.0,1.0,0.008,0.55,33.59,20.92,0.646,0.8798,0.9824,0.719,floodlight,0.1288,hybrid_p95,CONTROLLER
41,1,2026-05-20T12:23:06.836922,floodlight,Linear_6n_150M,6,linear,150M,42991.23,0.071,0.0,1.0,0.012,33.04,389.4,19.77,0.91,0.5564,0.9833,0.8478,floodlight,0.1288,hybrid_p95,CONTROLLER
42,1,2026-05-20T12:25:39.282380,onos,Linear_6n_150M,6,linear,150M,44502.4,0.074,0.0,1.0,0.01,18.37,771.02,20.27,0.6952,0.6442,0.983,0.7092,floodlight,0.1288,hybrid_p95,CONTROLLER
47,1,2026-05-20T12:34:24.798118,floodlight,Linear_7n_10M,7,linear,10M,0.0,0.035,0.0,1.0,0.006,22.24,397.11,12.22,0.91,0.6369,0.9897,0.8639,floodlight,0.144,hybrid_p95,CONTROLLER
48,1,2026-05-20T12:36:56.145415,onos,Linear_7n_10M,7,linear,10M,35067.53,0.051,0.0,1.0,0.01,25.74,1011.1,14.42,0.6553,0.58,0.9878,0.6683,floodlight,0.144,hybrid_p95,CONTROLLER
49,1,2026-05-20T12:38:18.868956,ryu,Linear_7n_30M,7,linear,30M,35733.8,0.045,0.0,1.0,0.008,0.48,33.59,12.88,0.8959,0.8803,0.9891,0.9006,ryu,0.007,hybrid_p95,CONTROLLER
50,1,2026-05-20T12:39:49.273408,floodlight,Linear_7n_30M,7,linear,30M,32783.54,0.035,0.0,1.0,0.005,32.06,389.62,15.5,0.9709,0.5637,0.987,0.8936,ryu,0.007,hybrid_p95,CONTROLLER
51,1,2026-05-20T12:42:22.720701,onos,Linear_7n_30M,7,linear,30M,26614.54,0.069,0.0,1.0,0.027,16.2,979.8,27.26,0.556,0.6527,0.9769,0.6096,ryu,0.007,hybrid_p95,CONTROLLER
52,1,2026-05-20T12:43:45.872394,ryu,Linear_7n_60M,7,linear,60M,27379.27,0.06,0.0,1.0,0.009,0.53,33.59,15.82,0.5967,0.8799,0.9867,0.6837,floodlight,0.0248,hybrid_p95,CONTROLLER
53,1,2026-05-20T12:45:16.101145,floodlight,Linear_7n_60M,7,linear,60M,24706.22,0.046,0.0,1.0,0.012,36.95,369.06,16.24,0.91,0.5288,0.9863,0.8428,floodlight,0.0248,hybrid_p95,CONTROLLER
54,1,2026-05-20T12:47:48.284610,onos,Linear_7n_60M,7,linear,60M,30614.79,0.051,0.0,1.0,0.007,31.82,941.14,14.59,0.8736,0.5367,0.9877,0.818,floodlight,0.0248,hybrid_p95,CONTROLLER
55,1,2026-05-20T12:49:11.292154,ryu,Linear_7n_150M,7,linear,150M,30224.18,0.052,0.0,1.0,0.012,0.45,33.59,14.51,0.91,0.8805,0.9877,0.9108,ryu,0.172,hybrid_p95,CONTROLLER
56,1,2026-05-20T12:50:41.407029,floodlight,Linear_7n_150M,7,linear,150M,34188.78,0.068,0.0,1.0,0.008,33.25,353.61,18.2,0.7588,0.558,0.9847,0.7388,ryu,0.172,hybrid_p95,CONTROLLER
57,1,2026-05-20T12:53:16.041256,onos,Linear_7n_150M,7,linear,150M,38305.49,0.081,0.0,1.0,0.011,19.36,723.12,27.84,0.646,0.6389,0.9766,0.6721,ryu,0.172,hybrid_p95,CONTROLLER
61,1,2026-05-20T13:00:06.415425,ryu,Linear_8n_10M,8,linear,10M,36590.91,0.081,0.0,1.0,0.019,1.04,33.83,19.46,0.9327,0.8759,0.9835,0.9259,ryu,0.0772,hybrid_p95,CONTROLLER
62,1,2026-05-20T13:01:37.053801,floodlight,Linear_8n_10M,8,linear,10M,34816.16,0.079,0.0,1.0,0.014,32.67,372.42,18.68,0.91,0.5606,0.9842,0.8487,ryu,0.0772,hybrid_p95,CONTROLLER
63,1,2026-05-20T13:04:12.091195,onos,Linear_8n_10M,8,linear,10M,37299.69,0.096,0.0,1.0,0.018,16.41,750.72,14.64,0.646,0.6598,0.9875,0.677,ryu,0.0772,hybrid_p95,CONTROLLER
64,1,2026-05-20T13:05:35.482857,ryu,Linear_8n_30M,8,linear,30M,38375.81,0.085,0.0,1.0,0.013,1.32,33.85,16.07,0.646,0.8738,0.9864,0.7182,ryu,0.0444,hybrid_p95,CONTROLLER
65,1,2026-05-20T13:07:17.602011,floodlight,Linear_8n_30M,8,linear,30M,34151.8,0.069,0.0,1.0,0.013,49.77,394.7,14.55,0.7027,0.4303,0.9877,0.6738,ryu,0.0444,hybrid_p95,CONTROLLER
66,1,2026-05-20T13:14:27.881607,onos,Linear_8n_30M,8,linear,30M,0.0,0.0,0.0,1.0,0.0,0.0,0.0,0.0,0.0,1.0,1.0,0.276,ryu,0.0444,NONE,STANDALONE
67,1,2026-05-20T13:15:51.341887,ryu,Linear_8n_60M,8,linear,60M,38233.05,0.097,0.0,1.0,0.022,1.16,33.83,17.92,0.646,0.875,0.9847,0.7183,floodlight,0.1562,hybrid_p95,CONTROLLER
68,1,2026-05-20T13:17:21.947488,floodlight,Linear_8n_60M,8,linear,60M,35634.9,0.068,0.0,1.0,0.013,32.92,374.54,22.16,0.9464,0.5586,0.9813,0.8745,floodlight,0.1562,hybrid_p95,CONTROLLER
69,1,2026-05-20T13:19:57.237222,onos,Linear_8n_60M,8,linear,60M,33869.4,0.088,0.0,1.0,0.015,21.5,847.82,21.31,0.6659,0.6176,0.982,0.6828,floodlight,0.1562,hybrid_p95,CONTROLLER
73,1,2026-05-20T13:27:02.570511,ryu,Linear_8n_300M,8,linear,300M,29781.1,0.061,0.0,1.0,0.017,0.75,33.83,17.65,0.646,0.8781,0.985,0.7189,floodlight,0.114,hybrid_p95,CONTROLLER
74,1,2026-05-20T13:28:48.482187,floodlight,Linear_8n_300M,8,linear,300M,0.0,0.046,0.0,1.0,0.007,36.78,398.8,15.48,0.91,0.5275,0.987,0.8426,floodlight,0.114,hybrid_p95,CONTROLLER
75,1,2026-05-20T13:31:21.644178,onos,Linear_8n_300M,8,linear,300M,24633.37,0.057,0.0,1.0,0.011,19.67,809.8,18.54,0.7248,0.6329,0.9844,0.7286,floodlight,0.114,hybrid_p95,CONTROLLER
76,1,2026-05-20T13:32:45.361835,ryu,Linear_9n_10M,9,linear,10M,25542.24,0.06,0.0,1.0,0.009,0.91,33.84,15.91,0.8783,0.8768,0.9866,0.887,ryu,0.0503,hybrid_p95,CONTROLLER
77,1,2026-05-20T13:34:30.751028,floodlight,Linear_9n_10M,9,linear,10M,0.0,0.049,0.0,1.0,0.006,40.68,404.61,17.76,0.91,0.4978,0.9851,0.8367,ryu,0.0503,hybrid_p95,CONTROLLER
78,1,2026-05-20T13:37:04.781379,onos,Linear_9n_10M,9,linear,10M,20059.26,0.081,0.0,1.0,0.046,30.02,841.41,22.2,0.6267,0.5539,0.9808,0.642,ryu,0.0503,hybrid_p95,CONTROLLER
82,1,2026-05-20T13:43:57.219949,ryu,Linear_9n_60M,9,linear,60M,29864.42,0.045,0.0,1.0,0.005,0.76,33.84,14.14,0.8584,0.878,0.9881,0.8729,ryu,0.0295,hybrid_p95,CONTROLLER
83,1,2026-05-20T13:45:42.785965,floodlight,Linear_9n_60M,9,linear,60M,0.0,0.035,0.0,1.0,0.004,36.31,404.79,12.78,0.91,0.5306,0.9893,0.8434,ryu,0.0295,hybrid_p95,CONTROLLER
84,1,2026-05-20T13:48:14.506066,onos,Linear_9n_60M,9,linear,60M,21749.14,0.06,0.0,1.0,0.008,14.99,738.42,15.68,0.6215,0.671,0.9868,0.6614,ryu,0.0295,hybrid_p95,CONTROLLER
88,1,2026-05-20T13:55:21.723173,ryu,Linear_9n_300M,9,linear,300M,21802.57,0.062,0.07,1.0,0.01,0.64,39.58,16.06,0.8852,0.8739,0.9865,0.8914,ryu,0.0672,hybrid_p95,CONTROLLER
89,1,2026-05-20T13:57:07.906644,floodlight,Linear_9n_300M,9,linear,300M,0.0,0.05,0.0,1.0,0.007,49.26,397.7,19.57,0.91,0.4339,0.9836,0.8242,ryu,0.0672,hybrid_p95,CONTROLLER
90,1,2026-05-20T13:59:42.329278,onos,Linear_9n_300M,9,linear,300M,19254.87,0.087,0.014,1.0,0.018,33.92,763.22,22.75,0.6355,0.5278,0.9808,0.6434,ryu,0.0672,hybrid_p95,CONTROLLER
91,1,2026-05-20T14:01:06.983828,ryu,Linear_10n_10M,10,linear,10M,22051.47,0.077,0.0,1.0,0.027,2.94,34.09,31.74,0.646,0.8614,0.9731,0.7147,floodlight,0.1178,hybrid_p95,CONTROLLER
92,1,2026-05-20T14:02:53.080404,floodlight,Linear_10n_10M,10,linear,10M,0.0,0.062,0.0,1.0,0.019,43.39,415.18,19.01,0.91,0.4766,0.9839,0.8325,floodlight,0.1178,hybrid_p95,CONTROLLER
93,1,2026-05-20T14:05:27.506980,onos,Linear_10n_10M,10,linear,10M,19192.68,0.076,0.0,1.0,0.023,31.01,918.01,20.12,0.6579,0.5436,0.9829,0.6628,floodlight,0.1178,hybrid_p95,CONTROLLER
100,1,2026-05-20T14:18:02.409529,ryu,Linear_10n_150M,10,linear,150M,30860.3,0.048,0.018,0.9998,0.006,1.14,34.32,13.11,0.9999,0.8747,0.989,0.9748,ryu,0.1101,hybrid_p95,CONTROLLER
101,1,2026-05-20T14:19:48.842700,floodlight,Linear_10n_150M,10,linear,150M,0.0,0.065,0.0,1.0,0.007,51.88,404.39,15.12,0.556,0.4137,0.9873,0.5643,ryu,0.1101,hybrid_p95,CONTROLLER
102,1,2026-05-20T14:22:21.853251,onos,Linear_10n_150M,10,linear,150M,28487.96,0.052,0.0,1.0,0.007,17.89,870.52,17.95,0.9098,0.6439,0.9849,0.8647,ryu,0.1101,hybrid_p95,CONTROLLER
103,1,2026-05-20T14:23:45.826461,ryu,Linear_10n_300M,10,linear,300M,28758.31,0.078,0.0,1.0,0.047,1.5,42.57,20.62,0.646,0.8651,0.9821,0.7162,floodlight,0.1025,hybrid_p95,CONTROLLER
104,1,2026-05-20T14:25:31.530766,floodlight,Linear_10n_300M,10,linear,300M,0.0,0.052,0.0,1.0,0.008,39.04,438.92,32.42,0.91,0.5074,0.9729,0.8375,floodlight,0.1025,hybrid_p95,CONTROLLER
106,1,2026-05-20T14:29:29.766270,ryu,Linear_11n_10M,11,linear,10M,24162.61,0.06,0.0,0.999,0.013,1.99,34.12,16.16,0.9722,0.8685,0.9863,0.9534,ryu,0.2035,hybrid_p95,CONTROLLER
107,1,2026-05-20T14:31:17.106401,floodlight,Linear_11n_10M,11,linear,10M,0.0,0.059,0.0,0.999,0.016,147.67,442.32,15.87,0.9094,0.0494,0.9865,0.7499,ryu,0.2035,hybrid_p95,CONTROLLER
108,1,2026-05-20T14:33:52.347182,onos,Linear_11n_10M,11,linear,10M,16646.42,0.072,0.0,0.999,0.012,14.74,779.8,22.08,0.6174,0.6711,0.9814,0.658,ryu,0.2035,hybrid_p95,CONTROLLER
112,1,2026-05-20T14:40:58.146082,ryu,Linear_11n_60M,11,linear,60M,24421.36,0.055,0.307,0.9959,0.01,2.41,34.11,15.69,0.9077,0.8653,0.9868,0.9061,ryu,0.0931,hybrid_p95,CONTROLLER
113,1,2026-05-20T14:42:41.057034,floodlight,Linear_11n_60M,11,linear,60M,24676.01,0.077,0.0,0.999,0.018,28.64,410.51,19.21,0.5634,0.5877,0.9837,0.603,ryu,0.0931,hybrid_p95,CONTROLLER
114,1,2026-05-20T14:45:14.150862,onos,Linear_11n_60M,11,linear,60M,27292.38,0.065,0.0,0.999,0.021,18.19,853.82,14.61,0.8385,0.6422,0.9875,0.813,ryu,0.0931,hybrid_p95,CONTROLLER
115,1,2026-05-20T14:46:37.953734,ryu,Linear_11n_150M,11,linear,150M,27378.69,0.063,0.0,0.999,0.013,1.47,34.14,18.15,0.9994,0.8724,0.9847,0.9737,ryu,0.0889,hybrid_p95,CONTROLLER
116,1,2026-05-20T14:48:24.150503,floodlight,Linear_11n_150M,11,linear,150M,0.0,0.093,0.0,0.999,0.013,87.96,428.22,13.28,0.5554,0.1408,0.9887,0.5114,ryu,0.0889,hybrid_p95,CONTROLLER
117,1,2026-05-20T14:50:57.358613,onos,Linear_11n_150M,11,linear,150M,26077.06,0.068,0.0,0.999,0.021,17.11,871.39,19.49,0.9362,0.6497,0.9834,0.8848,ryu,0.0889,hybrid_p95,CONTROLLER
118,1,2026-05-20T14:52:21.217279,ryu,Linear_11n_300M,11,linear,300M,29679.0,0.053,0.244,0.9966,0.013,2.11,34.12,15.03,0.9981,0.8676,0.9873,0.972,ryu,0.2809,hybrid_p95,CONTROLLER
119,1,2026-05-20T14:54:07.403589,floodlight,Linear_11n_300M,11,linear,300M,0.0,0.061,0.0,0.999,0.016,39.55,412.51,20.6,0.7072,0.5056,0.9826,0.6911,ryu,0.2809,hybrid_p95,CONTROLLER
120,1,2026-05-20T14:56:41.985720,onos,Linear_11n_300M,11,linear,300M,20003.73,0.067,0.187,0.9971,0.013,18.66,960.5,19.71,0.615,0.6349,0.9834,0.6495,ryu,0.2809,hybrid_p95,CONTROLLER
127,1,2026-05-20T15:09:31.581877,ryu,Linear_12n_60M,12,linear,60M,24807.82,0.06,0.0,0.998,0.011,1.97,34.27,15.22,0.9089,0.8685,0.9872,0.9076,ryu,0.1884,hybrid_p95,CONTROLLER
128,1,2026-05-20T15:10:58.244586,floodlight,Linear_12n_60M,12,linear,60M,29624.21,0.084,0.0,0.998,0.021,49.18,414.55,17.88,0.765,0.4331,0.9848,0.7192,ryu,0.1884,hybrid_p95,CONTROLLER
129,1,2026-05-20T15:13:33.883148,onos,Linear_12n_60M,12,linear,60M,32228.3,0.102,0.004,0.998,0.02,24.62,854.52,19.28,0.6449,0.5939,0.9836,0.6632,ryu,0.1884,hybrid_p95,CONTROLLER
133,1,2026-05-20T15:20:42.832141,ryu,Linear_12n_300M,12,linear,300M,25563.9,0.064,0.0,0.998,0.011,2.26,34.29,14.13,0.671,0.8663,0.9881,0.735,floodlight,0.1141,hybrid_p95,CONTROLLER
135,1,2026-05-20T15:25:00.330770,onos,Linear_12n_300M,12,linear,300M,25716.72,0.065,0.0,0.998,0.016,13.89,1067.06,15.24,0.6449,0.6672,0.9871,0.6776,floodlight,0.1141,hybrid_p95,CONTROLLER
136,1,2026-05-20T15:26:24.871005,ryu,Linear_13n_10M,13,linear,10M,25356.89,0.06,0.0,0.997,0.008,1.99,34.28,17.11,0.9983,0.8683,0.9856,0.9722,ryu,0.3189,hybrid_p95,CONTROLLER
137,1,2026-05-20T15:28:11.913255,floodlight,Linear_13n_10M,13,linear,10M,0.0,0.065,0.0,0.997,0.021,84.31,439.0,15.68,0.6133,0.1674,0.9866,0.5582,ryu,0.3189,hybrid_p95,CONTROLLER
138,1,2026-05-20T15:30:46.832270,onos,Linear_13n_10M,13,linear,10M,21716.86,0.066,0.0,0.997,0.01,24.55,913.02,17.01,0.6314,0.5923,0.9857,0.6533,ryu,0.3189,hybrid_p95,CONTROLLER
142,1,2026-05-20T15:37:58.194672,ryu,Linear_13n_60M,13,linear,60M,21444.46,0.063,0.0,0.997,0.007,2.26,34.28,15.94,0.9662,0.8663,0.9866,0.9486,ryu,0.035,hybrid_p95,CONTROLLER
143,1,2026-05-20T15:39:45.454405,floodlight,Linear_13n_60M,13,linear,60M,0.0,0.083,0.0,0.997,0.041,112.69,432.24,20.92,0.5543,0.0501,0.982,0.4925,ryu,0.035,hybrid_p95,CONTROLLER
144,1,2026-05-20T15:42:21.815972,onos,Linear_13n_60M,13,linear,60M,20406.91,0.061,0.0,0.997,0.006,25.34,970.8,25.48,0.994,0.5843,0.9787,0.9136,ryu,0.035,hybrid_p95,CONTROLLER
148,1,2026-05-20T15:49:30.575027,ryu,Linear_13n_300M,13,linear,300M,27945.18,0.056,0.0,0.997,0.008,1.91,34.29,22.02,0.5543,0.8689,0.9815,0.6505,floodlight,0.0239,hybrid_p95,CONTROLLER
149,1,2026-05-20T15:51:12.428835,floodlight,Linear_13n_300M,13,linear,300M,28924.6,0.046,0.0,0.997,0.013,37.89,427.51,12.66,0.9378,0.5169,0.9893,0.8609,floodlight,0.0239,hybrid_p95,CONTROLLER
150,1,2026-05-20T15:53:45.065328,onos,Linear_13n_300M,13,linear,300M,30934.72,0.05,0.009,0.9969,0.006,10.5,920.39,12.56,0.8567,0.6975,0.9894,0.837,floodlight,0.0239,hybrid_p95,CONTROLLER
151,1,2026-05-20T15:55:09.605577,ryu,Linear_14n_10M,14,linear,10M,28761.23,0.05,0.0,0.996,0.006,2.11,34.48,16.57,0.9687,0.8672,0.9861,0.9505,ryu,0.2832,hybrid_p95,CONTROLLER
152,1,2026-05-20T15:56:52.499512,floodlight,Linear_14n_10M,14,linear,10M,27090.76,0.094,0.0,0.996,0.018,42.54,452.5,18.51,0.6787,0.4801,0.9843,0.6657,ryu,0.2832,hybrid_p95,CONTROLLER
153,1,2026-05-20T15:59:27.583340,onos,Linear_14n_10M,14,linear,10M,29560.43,0.118,0.0,0.996,0.042,20.41,1029.12,18.75,0.6438,0.6195,0.9837,0.6673,ryu,0.2832,hybrid_p95,CONTROLLER
154,1,2026-05-20T16:00:52.731719,ryu,Linear_14n_30M,14,linear,30M,27401.15,0.092,0.0,0.996,0.018,3.66,34.44,20.63,0.838,0.8556,0.9825,0.8534,floodlight,0.0024,hybrid_p95,CONTROLLER
155,1,2026-05-20T16:04:26.497547,floodlight,Linear_14n_30M,14,linear,30M,33005.45,0.084,0.0,0.996,0.021,70.66,480.32,16.44,0.9978,0.267,0.986,0.8558,floodlight,0.0024,hybrid_p95,CONTROLLER
156,1,2026-05-20T16:07:01.774155,onos,Linear_14n_30M,14,linear,30M,24401.57,0.112,0.0,0.996,0.031,28.61,955.1,16.44,0.5538,0.5603,0.9858,0.5909,floodlight,0.0024,hybrid_p95,CONTROLLER
160,1,2026-05-20T16:14:09.880171,ryu,Linear_14n_150M,14,linear,150M,26787.57,0.117,0.0,0.996,0.037,3.23,34.45,15.22,0.5538,0.8589,0.9868,0.6486,floodlight,0.1497,hybrid_p95,CONTROLLER
161,1,2026-05-20T16:15:52.335278,floodlight,Linear_14n_150M,14,linear,150M,29363.91,0.078,0.0,0.996,0.013,92.21,472.02,14.54,0.9978,0.1057,0.9877,0.8248,floodlight,0.1497,hybrid_p95,CONTROLLER
162,1,2026-05-20T16:18:30.772173,onos,Linear_14n_150M,14,linear,150M,29215.43,0.115,0.0,0.996,0.028,21.46,1003.0,22.09,0.6567,0.6124,0.9812,0.6751,floodlight,0.1497,hybrid_p95,CONTROLLER
1,1,2026-06-03T07:44:02.679508,ryu,Linear_4n_10M,4,linear,10M,46607.86,0.068,0.0,1.0,0.005,0.19,45.58,17.72,0.6812,0.8727,0.9852,0.7434,floodlight,0.0874,hybrid_p95,CONTROLLER
2,1,2026-06-03T07:45:32.175474,floodlight,Linear_4n_10M,4,linear,10M,44983.9,0.057,0.0,1.0,0.006,45.53,353.45,12.81,0.91,0.4658,0.9892,0.8308,floodlight,0.0874,hybrid_p95,CONTROLLER
3,1,2026-06-03T07:48:04.119794,onos,Linear_4n_10M,4,linear,10M,47049.24,0.07,0.0,1.0,0.006,13.57,797.22,23.88,0.646,0.6792,0.98,0.6801,floodlight,0.0874,hybrid_p95,CONTROLLER
4,1,2026-06-03T07:49:26.504295,ryu,Linear_4n_30M,4,linear,30M,46697.9,0.07,0.0,1.0,0.005,0.31,33.42,24.09,0.6408,0.8817,0.9798,0.7154,floodlight,0.116,hybrid_p95,CONTROLLER
5,1,2026-06-03T07:50:55.954763,floodlight,Linear_4n_30M,4,linear,30M,44815.44,0.06,0.0,1.0,0.006,44.72,358.6,20.41,0.91,0.4714,0.9829,0.8314,floodlight,0.116,hybrid_p95,CONTROLLER
6,1,2026-06-03T07:53:27.904655,onos,Linear_4n_30M,4,linear,30M,46812.98,0.069,0.0,1.0,0.01,12.93,777.71,22.04,0.6814,0.6848,0.9815,0.707,floodlight,0.116,hybrid_p95,CONTROLLER
7,1,2026-06-03T07:54:50.292069,ryu,Linear_4n_60M,4,linear,60M,47160.11,0.068,0.0,1.0,0.008,0.24,33.41,23.07,0.7345,0.8823,0.9807,0.7835,floodlight,0.0628,hybrid_p95,CONTROLLER
8,1,2026-06-03T07:56:19.737763,floodlight,Linear_4n_60M,4,linear,60M,44604.85,0.062,0.0,1.0,0.005,34.35,391.02,14.35,0.91,0.5464,0.988,0.8463,floodlight,0.0628,hybrid_p95,CONTROLLER
9,1,2026-06-03T07:58:51.876587,onos,Linear_4n_60M,4,linear,60M,46586.48,0.07,0.0,1.0,0.003,9.84,776.6,21.95,0.6258,0.708,0.9817,0.6712,floodlight,0.0628,hybrid_p95,CONTROLLER
10,1,2026-06-03T08:00:14.261667,ryu,Linear_4n_150M,4,linear,150M,46180.64,0.066,0.0,1.0,0.008,0.19,33.42,22.49,0.7456,0.8826,0.9811,0.7916,floodlight,0.0571,hybrid_p95,CONTROLLER
11,1,2026-06-03T08:01:43.670353,floodlight,Linear_4n_150M,4,linear,150M,44573.94,0.059,0.0,1.0,0.005,33.22,326.59,20.07,0.91,0.5608,0.9832,0.8487,floodlight,0.0571,hybrid_p95,CONTROLLER
12,1,2026-06-03T08:04:15.774011,onos,Linear_4n_150M,4,linear,150M,46947.71,0.07,0.0,1.0,0.005,10.35,779.9,21.35,0.646,0.7041,0.9821,0.6851,floodlight,0.0571,hybrid_p95,CONTROLLER
13,1,2026-06-03T08:05:38.192992,ryu,Linear_4n_300M,4,linear,300M,48094.22,0.076,0.0,1.0,0.011,0.15,33.41,11.75,0.646,0.883,0.99,0.7203,floodlight,0.1263,hybrid_p95,CONTROLLER
14,1,2026-06-03T08:07:07.655583,floodlight,Linear_4n_300M,4,linear,300M,45454.83,0.06,0.0,1.0,0.006,34.15,364.0,21.09,0.91,0.5503,0.9823,0.8466,floodlight,0.1263,hybrid_p95,CONTROLLER
15,1,2026-06-03T08:09:38.905773,onos,Linear_4n_300M,4,linear,300M,46234.45,0.071,0.0,1.0,0.006,13.12,744.32,20.2,0.6932,0.6848,0.9831,0.7156,floodlight,0.1263,hybrid_p95,CONTROLLER
16,1,2026-06-03T08:11:01.285461,ryu,Linear_5n_10M,5,linear,10M,45474.53,0.072,0.0,1.0,0.013,0.33,33.41,13.24,0.6092,0.8816,0.9888,0.6932,floodlight,0.1308,hybrid_p95,CONTROLLER
17,1,2026-06-03T08:12:30.775478,floodlight,Linear_5n_10M,5,linear,10M,43443.46,0.057,0.0,1.0,0.008,32.16,335.1,21.33,0.91,0.5679,0.9821,0.85,floodlight,0.1308,hybrid_p95,CONTROLLER
18,1,2026-06-03T08:15:02.617131,onos,Linear_5n_10M,5,linear,10M,46882.46,0.07,0.0,1.0,0.013,10.33,786.52,22.47,0.6932,0.704,0.9811,0.7192,floodlight,0.1308,hybrid_p95,CONTROLLER
19,1,2026-06-03T08:16:24.965125,ryu,Linear_5n_30M,5,linear,30M,46620.91,0.069,0.0,1.0,0.008,0.31,33.41,13.25,0.7345,0.8818,0.9888,0.784,floodlight,0.0639,hybrid_p95,CONTROLLER
20,1,2026-06-03T08:17:54.485556,floodlight,Linear_5n_30M,5,linear,30M,44945.12,0.06,0.0,1.0,0.007,33.19,345.4,26.29,0.91,0.5592,0.978,0.8479,floodlight,0.0639,hybrid_p95,CONTROLLER
21,1,2026-06-03T08:20:26.431350,onos,Linear_5n_30M,5,linear,30M,46499.96,0.072,0.0,1.0,0.007,18.07,795.7,25.07,0.6395,0.6454,0.979,0.6688,floodlight,0.0639,hybrid_p95,CONTROLLER
22,1,2026-06-03T08:21:48.839351,ryu,Linear_5n_60M,5,linear,60M,48274.85,0.068,0.0,1.0,0.006,0.24,33.41,24.94,0.7345,0.8823,0.9791,0.7833,floodlight,0.0643,hybrid_p95,CONTROLLER
23,1,2026-06-03T08:23:18.271571,floodlight,Linear_5n_60M,5,linear,60M,45348.69,0.053,0.0,1.0,0.007,34.14,337.62,13.58,0.91,0.5528,0.9886,0.8476,floodlight,0.0643,hybrid_p95,CONTROLLER
24,1,2026-06-03T08:25:49.987580,onos,Linear_5n_60M,5,linear,60M,47835.75,0.073,0.0,1.0,0.004,8.65,806.5,20.04,0.6325,0.7157,0.9832,0.6777,floodlight,0.0643,hybrid_p95,CONTROLLER
25,1,2026-06-03T08:27:12.387337,ryu,Linear_5n_150M,5,linear,150M,46937.98,0.071,0.0,1.0,0.004,0.37,33.42,22.47,0.6414,0.8813,0.9812,0.7159,floodlight,0.0938,hybrid_p95,CONTROLLER
26,1,2026-06-03T08:28:41.795905,floodlight,Linear_5n_150M,5,linear,150M,45899.49,0.057,0.0,1.0,0.011,34.75,342.0,18.23,0.91,0.5478,0.9846,0.8463,floodlight,0.0938,hybrid_p95,CONTROLLER
27,1,2026-06-03T08:31:13.719509,onos,Linear_5n_150M,5,linear,150M,46993.67,0.067,0.0,1.0,0.007,14.31,806.74,19.38,0.7471,0.6732,0.9837,0.7525,floodlight,0.0938,hybrid_p95,CONTROLLER
28,1,2026-06-03T08:32:36.153621,ryu,Linear_5n_300M,5,linear,300M,45654.1,0.066,0.0,1.0,0.005,0.22,33.42,21.73,0.9126,0.8824,0.9818,0.9125,ryu,0.0976,hybrid_p95,CONTROLLER
29,1,2026-06-03T08:34:05.653810,floodlight,Linear_5n_300M,5,linear,300M,45605.87,0.067,0.0,1.0,0.009,42.17,321.2,14.15,0.8805,0.4941,0.9881,0.8149,ryu,0.0976,hybrid_p95,CONTROLLER
30,1,2026-06-03T08:36:37.820490,onos,Linear_5n_300M,5,linear,300M,47273.6,0.078,0.0,1.0,0.008,13.31,768.8,22.41,0.646,0.6823,0.9812,0.6808,ryu,0.0976,hybrid_p95,CONTROLLER
34,1,2026-06-03T08:43:38.294978,ryu,Linear_6n_30M,6,linear,30M,38480.11,0.054,0.0,1.0,0.016,0.45,33.59,11.82,0.6111,0.8805,0.9899,0.6945,floodlight,0.1427,hybrid_p95,CONTROLLER
35,1,2026-06-03T08:45:08.085105,floodlight,Linear_6n_30M,6,linear,30M,37985.21,0.038,0.0,1.0,0.008,25.04,427.8,11.81,0.91,0.6134,0.99,0.8594,floodlight,0.1427,hybrid_p95,CONTROLLER
36,1,2026-06-03T08:47:39.227815,onos,Linear_6n_30M,6,linear,30M,38793.59,0.052,0.0,1.0,0.01,10.14,977.8,11.76,0.6903,0.6983,0.99,0.7167,floodlight,0.1427,hybrid_p95,CONTROLLER
39,1,2026-06-03T08:53:18.316267,onos,Linear_6n_60M,6,linear,60M,35541.31,0.045,0.0,1.0,0.006,15.29,996.63,17.42,0.7605,0.659,0.9854,0.7596,floodlight,0.0983,hybrid_p95,CONTROLLER
40,1,2026-06-03T08:54:41.139759,ryu,Linear_6n_150M,6,linear,150M,34915.53,0.041,0.0,1.0,0.004,0.52,33.6,16.31,1.0,0.88,0.9863,0.9757,ryu,0.2929,hybrid_p95,CONTROLLER
41,1,2026-06-03T08:56:26.050543,floodlight,Linear_6n_150M,6,linear,150M,0.0,0.046,0.0,1.0,0.014,21.91,392.3,14.72,0.556,0.6397,0.9875,0.608,ryu,0.2929,hybrid_p95,CONTROLLER
42,1,2026-06-03T08:58:57.470247,onos,Linear_6n_150M,6,linear,150M,34148.34,0.046,0.0,1.0,0.004,10.13,1041.41,12.46,0.644,0.6963,0.9896,0.6828,ryu,0.2929,hybrid_p95,CONTROLLER
43,1,2026-06-03T09:00:20.337836,ryu,Linear_6n_300M,6,linear,300M,34770.78,0.039,0.0,1.0,0.001,0.51,33.59,14.73,0.9336,0.8801,0.9877,0.9278,ryu,0.0949,hybrid_p95,CONTROLLER
44,1,2026-06-03T09:02:04.728811,floodlight,Linear_6n_300M,6,linear,300M,0.0,0.036,0.0,1.0,0.003,43.43,400.16,16.46,0.91,0.4775,0.9862,0.8329,ryu,0.0949,hybrid_p95,CONTROLLER
45,1,2026-06-03T09:04:37.044855,onos,Linear_6n_300M,6,linear,300M,28265.12,0.052,0.0,1.0,0.006,16.17,909.6,17.72,0.6292,0.6553,0.9851,0.6637,ryu,0.0949,hybrid_p95,CONTROLLER
46,1,2026-06-03T09:05:59.997532,ryu,Linear_7n_10M,7,linear,10M,23926.15,0.047,0.0,1.0,0.004,0.39,33.59,17.29,0.6992,0.881,0.9855,0.758,floodlight,0.0913,hybrid_p95,CONTROLLER
47,1,2026-06-03T09:07:45.105036,floodlight,Linear_7n_10M,7,linear,10M,0.0,0.034,0.0,1.0,0.003,32.31,382.4,15.69,0.91,0.5625,0.9869,0.8493,floodlight,0.0913,hybrid_p95,CONTROLLER
48,1,2026-06-03T09:10:17.314086,onos,Linear_7n_10M,7,linear,10M,28045.15,0.05,0.0,1.0,0.004,10.18,960.11,17.38,0.646,0.6986,0.9855,0.6843,floodlight,0.0913,hybrid_p95,CONTROLLER
49,1,2026-06-03T09:11:40.332939,ryu,Linear_7n_30M,7,linear,30M,31726.81,0.048,0.0,1.0,0.005,0.56,33.59,17.12,0.6032,0.8797,0.9857,0.6883,floodlight,0.1797,hybrid_p95,CONTROLLER
50,1,2026-06-03T09:13:10.392404,floodlight,Linear_7n_30M,7,linear,30M,32256.23,0.035,0.0,1.0,0.003,27.9,404.3,15.49,0.9275,0.5938,0.987,0.868,floodlight,0.1797,hybrid_p95,CONTROLLER
51,1,2026-06-03T09:15:42.173803,onos,Linear_7n_30M,7,linear,30M,34448.39,0.05,0.0,1.0,0.003,13.75,1051.65,14.68,0.646,0.6688,0.9877,0.6788,floodlight,0.1797,hybrid_p95,CONTROLLER
53,1,2026-06-03T09:18:49.923593,floodlight,Linear_7n_60M,7,linear,60M,0.0,0.037,0.0,1.0,0.006,37.31,397.16,15.09,0.91,0.5237,0.9873,0.8419,floodlight,0.1223,hybrid_p95,CONTROLLER
54,1,2026-06-03T09:21:21.352750,onos,Linear_7n_60M,7,linear,60M,34068.15,0.04,0.0,1.0,0.002,31.95,979.7,12.48,0.7338,0.5344,0.9896,0.7166,floodlight,0.1223,hybrid_p95,CONTROLLER
59,1,2026-06-03T09:29:52.928844,floodlight,Linear_7n_300M,7,linear,300M,0.0,0.032,0.0,1.0,0.002,22.77,391.7,12.67,0.91,0.6333,0.9894,0.8632,floodlight,0.034,hybrid_p95,CONTROLLER
60,1,2026-06-03T09:32:24.353982,onos,Linear_7n_300M,7,linear,300M,34811.41,0.042,0.0,1.0,0.006,15.33,1005.05,16.58,0.8567,0.6584,0.9861,0.8292,floodlight,0.034,hybrid_p95,CONTROLLER
61,1,2026-06-03T09:33:47.537874,ryu,Linear_8n_10M,8,linear,10M,32304.26,0.042,0.0,1.0,0.001,1.05,33.84,12.88,0.8059,0.8758,0.9893,0.8346,floodlight,0.0222,hybrid_p95,CONTROLLER
62,1,2026-06-03T09:35:29.464247,floodlight,Linear_8n_10M,8,linear,10M,32755.79,0.037,0.0,1.0,0.005,30.82,421.2,12.56,0.9179,0.5705,0.9895,0.8568,floodlight,0.0222,hybrid_p95,CONTROLLER
63,1,2026-06-03T09:38:01.267058,onos,Linear_8n_10M,8,linear,10M,37478.93,0.054,0.0,1.0,0.011,17.24,905.74,11.76,0.646,0.6474,0.99,0.6748,floodlight,0.0222,hybrid_p95,CONTROLLER
64,1,2026-06-03T09:39:24.350855,ryu,Linear_8n_30M,8,linear,30M,37955.93,0.048,0.0,1.0,0.01,0.86,33.85,12.14,0.8989,0.8772,0.9897,0.9022,ryu,0.0576,hybrid_p95,CONTROLLER
65,1,2026-06-03T09:41:06.121155,floodlight,Linear_8n_30M,8,linear,30M,35183.95,0.042,0.0,1.0,0.011,35.62,393.81,11.91,0.91,0.5366,0.9899,0.8446,ryu,0.0576,hybrid_p95,CONTROLLER
66,1,2026-06-03T09:43:37.872394,onos,Linear_8n_30M,8,linear,30M,35928.78,0.063,0.0,1.0,0.015,9.88,1047.6,12.35,0.5802,0.698,0.9895,0.6369,ryu,0.0576,hybrid_p95,CONTROLLER
67,1,2026-06-03T09:45:00.996870,ryu,Linear_8n_60M,8,linear,60M,35134.05,0.053,0.0,1.0,0.011,0.65,33.87,12.4,0.9944,0.8788,0.9895,0.9717,ryu,0.1445,hybrid_p95,CONTROLLER
68,1,2026-06-03T09:46:46.398150,floodlight,Linear_8n_60M,8,linear,60M,0.0,0.069,0.0,1.0,0.011,53.11,382.83,13.19,0.556,0.4062,0.9888,0.563,ryu,0.1445,hybrid_p95,CONTROLLER
69,1,2026-06-03T09:49:17.875909,onos,Linear_8n_60M,8,linear,60M,37483.54,0.06,0.0,1.0,0.016,10.85,1068.03,12.01,0.8451,0.69,0.9898,0.8272,ryu,0.1445,hybrid_p95,CONTROLLER
70,1,2026-06-03T09:50:40.911856,ryu,Linear_8n_150M,8,linear,150M,36162.28,0.04,0.0,1.0,0.004,0.78,33.84,14.47,0.8966,0.8778,0.9879,0.9006,ryu,0.0335,hybrid_p95,CONTROLLER
71,1,2026-06-03T09:52:22.666178,floodlight,Linear_8n_150M,8,linear,150M,35166.68,0.035,0.0,1.0,0.004,19.89,406.5,12.75,0.91,0.6537,0.9893,0.8671,ryu,0.0335,hybrid_p95,CONTROLLER
72,1,2026-06-03T09:54:54.125440,onos,Linear_8n_150M,8,linear,150M,36965.37,0.063,0.0,1.0,0.012,14.67,949.54,12.12,0.646,0.6652,0.9897,0.6782,ryu,0.0335,hybrid_p95,CONTROLLER
73,1,2026-06-03T09:56:17.298976,ryu,Linear_8n_300M,8,linear,300M,34999.24,0.043,0.0,1.0,0.005,1.12,33.84,12.13,1.0,0.8753,0.9898,0.9751,ryu,0.109,hybrid_p95,CONTROLLER
74,1,2026-06-03T09:57:59.097040,floodlight,Linear_8n_300M,8,linear,300M,34062.72,0.043,0.0,1.0,0.009,20.53,404.91,15.03,0.91,0.6491,0.9873,0.8661,ryu,0.109,hybrid_p95,CONTROLLER
75,1,2026-06-03T10:00:30.701570,onos,Linear_8n_300M,8,linear,300M,34699.99,0.049,0.0,1.0,0.004,9.72,995.52,12.69,0.6172,0.7008,0.9894,0.6643,ryu,0.109,hybrid_p95,CONTROLLER
76,1,2026-06-03T10:01:53.746793,ryu,Linear_9n_10M,9,linear,10M,37527.26,0.051,0.0,1.0,0.011,0.71,33.83,12.1,0.91,0.8784,0.9898,0.9105,ryu,0.2489,hybrid_p95,CONTROLLER
77,1,2026-06-03T10:06:27.989596,floodlight,Linear_9n_10M,9,linear,10M,40986.28,0.074,0.0,1.0,0.01,66.55,432.2,20.44,0.7036,0.3013,0.9828,0.6491,ryu,0.2489,hybrid_p95,CONTROLLER
78,1,2026-06-03T10:09:00.999206,onos,Linear_9n_10M,9,linear,10M,43061.89,0.082,0.0,1.0,0.006,25.92,856.7,26.22,0.646,0.5841,0.9781,0.6616,ryu,0.2489,hybrid_p95,CONTROLLER
80,1,2026-06-03T10:11:54.695445,floodlight,Linear_9n_30M,9,linear,30M,40280.57,0.071,0.0,1.0,0.008,32.83,422.8,15.14,0.91,0.5553,0.9873,0.848,floodlight,0.1293,hybrid_p95,CONTROLLER
81,1,2026-06-03T10:14:27.055944,onos,Linear_9n_30M,9,linear,30M,41317.72,0.074,0.0,1.0,0.012,22.62,776.56,19.87,0.5944,0.6121,0.9833,0.6301,floodlight,0.1293,hybrid_p95,CONTROLLER
82,1,2026-06-03T10:15:50.336262,ryu,Linear_9n_60M,9,linear,60M,42402.6,0.078,0.0,1.0,0.003,1.04,33.83,19.54,0.8156,0.8759,0.9837,0.8412,floodlight,0.0055,hybrid_p95,CONTROLLER
83,1,2026-06-03T10:17:20.801481,floodlight,Linear_9n_60M,9,linear,60M,40792.65,0.073,0.0,1.0,0.008,33.56,393.73,23.72,0.91,0.5521,0.9801,0.8467,floodlight,0.0055,hybrid_p95,CONTROLLER
84,1,2026-06-03T10:19:53.880031,onos,Linear_9n_60M,9,linear,60M,42970.74,0.084,0.0,1.0,0.006,17.81,770.4,20.7,0.646,0.6485,0.9827,0.6744,floodlight,0.0055,hybrid_p95,CONTROLLER
86,1,2026-06-03T10:22:47.534204,floodlight,Linear_9n_150M,9,linear,150M,40754.0,0.07,0.0,1.0,0.009,35.71,425.91,13.08,0.91,0.5334,0.989,0.8439,floodlight,0.1417,hybrid_p95,CONTROLLER
87,1,2026-06-03T10:25:19.805255,onos,Linear_9n_150M,9,linear,150M,42196.89,0.076,0.0,1.0,0.008,19.4,783.9,22.44,0.646,0.6359,0.9812,0.6719,floodlight,0.1417,hybrid_p95,CONTROLLER
91,1,2026-06-03T10:32:21.676595,ryu,Linear_10n_10M,10,linear,10M,36413.56,0.045,0.0,1.0,0.006,1.05,34.11,14.48,0.9705,0.8755,0.9878,0.9536,ryu,0.1009,hybrid_p95,CONTROLLER
92,1,2026-06-03T10:34:03.916410,floodlight,Linear_10n_10M,10,linear,10M,32878.94,0.044,0.0,1.0,0.011,29.82,408.54,12.55,0.91,0.579,0.9894,0.8527,ryu,0.1009,hybrid_p95,CONTROLLER
93,1,2026-06-03T10:36:35.990555,onos,Linear_10n_10M,10,linear,10M,34689.78,0.056,0.0,1.0,0.014,11.08,1082.47,12.1,0.6021,0.6879,0.9897,0.6508,ryu,0.1009,hybrid_p95,CONTROLLER
94,1,2026-06-03T10:37:59.363251,ryu,Linear_10n_30M,10,linear,30M,35020.44,0.045,0.0,1.0,0.007,0.97,34.13,11.99,1.0,0.8761,0.9899,0.9752,ryu,0.269,hybrid_p95,CONTROLLER
95,1,2026-06-03T10:39:41.582893,floodlight,Linear_10n_30M,10,linear,30M,33905.73,0.061,0.0,1.0,0.02,28.25,387.5,12.01,0.556,0.5925,0.9897,0.599,ryu,0.269,hybrid_p95,CONTROLLER
96,1,2026-06-03T10:42:13.595526,onos,Linear_10n_30M,10,linear,30M,34865.04,0.059,0.0,1.0,0.01,10.76,1040.38,12.78,0.6777,0.6916,0.9892,0.7062,ryu,0.269,hybrid_p95,CONTROLLER
97,1,2026-06-03T10:43:37.104004,ryu,Linear_10n_60M,10,linear,60M,35736.57,0.049,0.0,1.0,0.008,1.32,34.11,12.14,0.9998,0.8735,0.9898,0.9746,ryu,0.1781,hybrid_p95,CONTROLLER
98,1,2026-06-03T10:45:22.901999,floodlight,Linear_10n_60M,10,linear,60M,0.0,0.072,0.0,1.0,0.008,52.11,397.48,22.32,0.556,0.4125,0.9813,0.5636,ryu,0.1781,hybrid_p95,CONTROLLER
99,1,2026-06-03T10:47:54.748134,onos,Linear_10n_60M,10,linear,60M,35800.87,0.061,0.0,1.0,0.011,17.83,912.56,12.26,0.8153,0.6428,0.9896,0.7965,ryu,0.1781,hybrid_p95,CONTROLLER
100,1,2026-06-03T10:49:18.254501,ryu,Linear_10n_150M,10,linear,150M,36948.64,0.047,0.0,1.0,0.006,1.45,34.13,12.03,0.9115,0.8725,0.9899,0.9105,ryu,0.0547,hybrid_p95,CONTROLLER
101,1,2026-06-03T10:51:00.442679,floodlight,Linear_10n_150M,10,linear,150M,32674.95,0.043,0.0,1.0,0.008,27.28,448.72,12.42,0.91,0.595,0.9895,0.8558,ryu,0.0547,hybrid_p95,CONTROLLER
102,1,2026-06-03T10:53:32.369430,onos,Linear_10n_150M,10,linear,150M,33706.07,0.059,0.0,1.0,0.011,10.04,960.2,12.05,0.5777,0.6996,0.9898,0.6354,ryu,0.0547,hybrid_p95,CONTROLLER
103,1,2026-06-03T10:54:55.829357,ryu,Linear_10n_300M,10,linear,300M,34396.4,0.054,0.0,1.0,0.011,1.39,34.14,12.2,0.8157,0.873,0.9897,0.8412,floodlight,0.0132,hybrid_p95,CONTROLLER
105,1,2026-06-03T10:59:10.171655,onos,Linear_10n_300M,10,linear,300M,35559.98,0.063,0.0,1.0,0.008,12.03,1059.89,12.66,0.646,0.6814,0.9893,0.6813,floodlight,0.0132,hybrid_p95,CONTROLLER
106,1,2026-06-03T11:00:33.722059,ryu,Linear_11n_10M,11,linear,10M,33893.18,0.047,0.0,0.999,0.008,1.34,34.09,12.15,0.9094,0.8734,0.9898,0.9092,ryu,0.2177,hybrid_p95,CONTROLLER
107,1,2026-06-03T11:02:16.109177,floodlight,Linear_11n_10M,11,linear,10M,38748.89,0.072,0.0,0.999,0.009,39.52,422.3,15.34,0.7073,0.5051,0.9871,0.6915,ryu,0.2177,hybrid_p95,CONTROLLER
108,1,2026-06-03T11:04:48.955220,onos,Linear_11n_10M,11,linear,10M,39139.61,0.078,0.0,0.999,0.008,15.38,823.1,25.48,0.6454,0.6645,0.9786,0.6768,ryu,0.2177,hybrid_p95,CONTROLLER
115,1,2026-06-03T11:17:32.246145,ryu,Linear_11n_150M,11,linear,150M,35030.68,0.048,0.0,0.999,0.009,0.93,34.11,12.09,0.9208,0.8764,0.9898,0.9179,ryu,0.0733,hybrid_p95,CONTROLLER
116,1,2026-06-03T11:19:13.478384,floodlight,Linear_11n_150M,11,linear,150M,33890.11,0.046,0.0,0.999,0.011,34.89,419.92,15.11,0.9094,0.54,0.9872,0.8446,ryu,0.0733,hybrid_p95,CONTROLLER
117,1,2026-06-03T11:21:45.410817,onos,Linear_11n_150M,11,linear,150M,34581.41,0.055,0.0,0.999,0.014,13.54,1195.01,12.18,0.61,0.6662,0.9896,0.6523,ryu,0.0733,hybrid_p95,CONTROLLER
118,1,2026-06-03T11:23:08.970907,ryu,Linear_11n_300M,11,linear,300M,34239.47,0.045,0.0,0.999,0.007,1.06,34.13,12.56,0.8479,0.8754,0.9894,0.8649,ryu,0.0129,hybrid_p95,CONTROLLER
119,1,2026-06-03T11:24:51.234335,floodlight,Linear_11n_300M,11,linear,300M,31860.36,0.04,0.0,0.999,0.006,30.05,406.6,12.36,0.9094,0.5774,0.9896,0.852,ryu,0.0129,hybrid_p95,CONTROLLER
120,1,2026-06-03T11:27:23.105639,onos,Linear_11n_300M,11,linear,300M,36225.52,0.056,0.0,0.999,0.01,9.32,987.43,15.06,0.6454,0.7041,0.9873,0.6851,ryu,0.0129,hybrid_p95,CONTROLLER
130,1,2026-06-03T11:45:46.763150,ryu,Linear_12n_150M,12,linear,150M,34490.0,0.056,0.0,0.998,0.011,1.46,34.3,12.35,0.9987,0.8723,0.9895,0.9735,ryu,0.0324,hybrid_p95,CONTROLLER
131,1,2026-06-03T11:47:33.088884,floodlight,Linear_12n_150M,12,linear,150M,0.0,0.075,0.0,0.998,0.007,69.53,423.06,12.75,0.5549,0.2796,0.9893,0.5378,ryu,0.0324,hybrid_p95,CONTROLLER
132,1,2026-06-03T11:50:05.558905,onos,Linear_12n_150M,12,linear,150M,34576.35,0.056,0.0,0.998,0.011,9.98,857.9,12.48,0.9989,0.7037,0.9894,0.9411,ryu,0.0324,hybrid_p95,CONTROLLER
133,1,2026-06-03T11:51:29.457811,ryu,Linear_12n_300M,12,linear,300M,33327.1,0.054,0.0,0.998,0.009,1.36,34.3,15.08,0.6449,0.873,0.9873,0.7173,floodlight,0.0222,hybrid_p95,CONTROLLER
134,1,2026-06-03T11:53:15.579765,floodlight,Linear_12n_300M,12,linear,300M,0.0,0.047,0.0,0.998,0.01,54.0,452.81,12.36,0.9089,0.394,0.9896,0.8162,floodlight,0.0222,hybrid_p95,CONTROLLER
135,1,2026-06-03T11:55:48.575075,onos,Linear_12n_300M,12,linear,300M,29914.51,0.05,0.0,0.998,0.004,30.04,1058.82,15.64,0.838,0.5462,0.9869,0.794,floodlight,0.0222,hybrid_p95,CONTROLLER
136,1,2026-06-03T11:57:12.833085,ryu,Linear_13n_10M,13,linear,10M,30453.79,0.054,0.0,0.997,0.006,1.73,34.52,13.5,0.6443,0.8701,0.9887,0.7165,floodlight,0.0607,hybrid_p95,CONTROLLER
137,1,2026-06-03T11:58:59.414685,floodlight,Linear_13n_10M,13,linear,10M,0.0,0.041,0.0,0.997,0.002,80.58,438.59,16.36,0.9083,0.1955,0.9863,0.7772,floodlight,0.0607,hybrid_p95,CONTROLLER
138,1,2026-06-03T12:01:32.812639,onos,Linear_13n_10M,13,linear,10M,27641.74,0.053,0.0,0.997,0.008,16.78,1011.0,14.9,0.6633,0.6473,0.9875,0.6871,floodlight,0.0607,hybrid_p95,CONTROLLER
142,1,2026-06-03T12:08:40.138320,ryu,Linear_13n_60M,13,linear,60M,29900.16,0.046,0.0,0.997,0.005,1.48,34.29,13.89,0.9979,0.8721,0.9883,0.9728,ryu,0.1666,hybrid_p95,CONTROLLER
143,1,2026-06-03T12:10:26.425437,floodlight,Linear_13n_60M,13,linear,60M,0.0,0.046,0.0,0.997,0.009,60.15,504.94,12.7,0.9083,0.3443,0.9893,0.8062,ryu,0.1666,hybrid_p95,CONTROLLER
144,1,2026-06-03T12:12:59.385349,onos,Linear_13n_60M,13,linear,60M,30059.35,0.05,0.0,0.997,0.004,15.92,951.71,17.6,0.6443,0.6557,0.9853,0.6748,ryu,0.1666,hybrid_p95,CONTROLLER
145,1,2026-06-03T12:14:23.519677,ryu,Linear_13n_150M,13,linear,150M,29893.43,0.044,0.0,0.997,0.002,1.72,34.33,13.46,0.8072,0.8703,0.9888,0.8344,floodlight,0.0243,hybrid_p95,CONTROLLER
146,1,2026-06-03T12:16:05.352759,floodlight,Linear_13n_150M,13,linear,150M,30332.28,0.042,0.0,0.997,0.008,34.06,441.51,12.11,0.9274,0.5446,0.9898,0.8587,floodlight,0.0243,hybrid_p95,CONTROLLER
147,1,2026-06-03T12:18:37.899336,onos,Linear_13n_150M,13,linear,150M,31969.68,0.049,0.0,0.997,0.007,8.05,947.02,12.85,0.6443,0.715,0.9892,0.6866,floodlight,0.0243,hybrid_p95,CONTROLLER
151,1,2026-06-03T12:25:45.881920,ryu,Linear_14n_10M,14,linear,10M,24480.7,0.066,0.0,0.996,0.008,3.21,34.46,14.37,0.6763,0.859,0.9879,0.7374,floodlight,0.1443,hybrid_p95,CONTROLLER
152,1,2026-06-03T12:27:28.396849,floodlight,Linear_14n_10M,14,linear,10M,27242.41,0.049,0.0,0.996,0.006,39.7,482.7,12.87,0.9713,0.4994,0.9892,0.8817,floodlight,0.1443,hybrid_p95,CONTROLLER
153,1,2026-06-03T12:30:01.861558,onos,Linear_14n_10M,14,linear,10M,28395.01,0.075,0.0,0.996,0.02,17.74,900.32,12.44,0.6438,0.6439,0.9893,0.6725,floodlight,0.1443,hybrid_p95,CONTROLLER
160,1,2026-06-03T12:42:56.982941,ryu,Linear_14n_150M,14,linear,150M,25923.79,0.064,0.0,0.996,0.023,2.44,34.46,17.0,0.7742,0.8648,0.9855,0.8092,ryu,0.0612,hybrid_p95,CONTROLLER
161,1,2026-06-03T12:44:44.419930,floodlight,Linear_14n_150M,14,linear,150M,0.0,0.052,0.0,0.996,0.006,108.28,480.36,17.21,0.9078,0.0467,0.9856,0.748,ryu,0.0612,hybrid_p95,CONTROLLER
162,1,2026-06-03T12:47:18.900938,onos,Linear_14n_150M,14,linear,150M,20107.29,0.071,0.027,0.9957,0.008,10.28,1196.03,20.35,0.6234,0.6906,0.9829,0.6662,ryu,0.0612,hybrid_p95,CONTROLLER
163,1,2026-06-03T12:48:44.091759,ryu,Linear_14n_300M,14,linear,300M,21030.73,0.064,0.303,0.993,0.009,2.91,34.45,22.26,0.7561,0.8613,0.9813,0.7951,ryu,0.0467,hybrid_p95,CONTROLLER
164,1,2026-06-03T12:50:31.333902,floodlight,Linear_14n_300M,14,linear,300M,0.0,0.052,0.0,0.996,0.008,115.86,473.16,13.85,0.9078,0.0472,0.9883,0.7484,ryu,0.0467,hybrid_p95,CONTROLLER
165,1,2026-06-03T12:53:06.505851,onos,Linear_14n_300M,14,linear,300M,22017.9,0.07,0.004,0.996,0.009,11.08,1047.55,19.31,0.6438,0.6889,0.9838,0.6807,ryu,0.0467,hybrid_p95,CONTROLLER
7,1,2026-06-12T23:43:06.471329,ryu,Tree_D2_F2_bw100M,4,tree,100M,37112.01,0.053,0.0,1.0,0.008,0.26,33.55,11.81,0.646,0.882,0.99,0.7201,floodlight,0.1183,hybrid_p95,CONTROLLER
9,1,2026-06-12T23:47:57.815223,onos,Tree_D2_F2_bw100M,4,tree,100M,34419.19,0.049,0.0,1.0,0.005,12.34,1058.82,16.1,0.7228,0.6791,0.9865,0.7362,floodlight,0.1183,hybrid_p95,CONTROLLER
10,1,2026-06-12T23:49:20.525904,ryu,Tree_D2_F2_bw200M,4,tree,200M,33577.13,0.052,0.0,1.0,0.004,0.41,33.56,12.42,0.646,0.8809,0.9896,0.7199,floodlight,0.0102,hybrid_p95,CONTROLLER
11,1,2026-06-12T23:50:50.385104,floodlight,Tree_D2_F2_bw200M,4,tree,200M,32529.5,0.038,0.0,1.0,0.006,25.41,376.42,12.93,0.91,0.6148,0.9891,0.8596,floodlight,0.0102,hybrid_p95,CONTROLLER
12,1,2026-06-12T23:53:21.995792,onos,Tree_D2_F2_bw200M,4,tree,200M,33275.03,0.041,0.0,1.0,0.004,22.25,1005.0,12.82,0.8982,0.6064,0.9893,0.8494,floodlight,0.0102,hybrid_p95,CONTROLLER
13,1,2026-06-12T23:54:45.191562,ryu,Tree_D2_F3_bw10M,9,tree,10M,38792.14,0.04,0.0,1.0,0.006,0.63,33.87,12.04,1.0,0.8789,0.9899,0.9758,ryu,0.2523,hybrid_p95,CONTROLLER
14,1,2026-06-12T23:57:05.539329,floodlight,Tree_D2_F3_bw10M,9,tree,10M,0.0,0.043,0.0,1.0,0.011,30.69,395.83,12.08,0.733,0.5735,0.9898,0.7235,ryu,0.2523,hybrid_p95,CONTROLLER
15,1,2026-06-12T23:59:37.767689,onos,Tree_D2_F3_bw10M,9,tree,10M,33042.11,0.046,0.0,1.0,0.006,18.17,1074.23,15.12,0.6327,0.6349,0.9873,0.6625,ryu,0.2523,hybrid_p95,CONTROLLER
16,1,2026-06-13T00:01:01.003117,ryu,Tree_D2_F3_bw50M,9,tree,50M,36511.41,0.043,0.0,1.0,0.008,0.93,33.88,12.33,0.8889,0.8767,0.9896,0.8949,floodlight,0.0191,hybrid_p95,CONTROLLER
17,1,2026-06-13T00:02:42.781189,floodlight,Tree_D2_F3_bw50M,9,tree,50M,36953.09,0.042,0.0,1.0,0.011,32.33,411.93,15.3,1.0,0.5599,0.9871,0.914,floodlight,0.0191,hybrid_p95,CONTROLLER
18,1,2026-06-13T00:05:14.340536,onos,Tree_D2_F3_bw50M,9,tree,50M,36296.01,0.049,0.0,1.0,0.005,11.84,1048.58,12.35,0.556,0.6832,0.9896,0.6165,floodlight,0.0191,hybrid_p95,CONTROLLER
19,1,2026-06-13T00:06:37.446281,ryu,Tree_D2_F3_bw100M,9,tree,100M,37335.65,0.057,0.0,1.0,0.013,0.57,33.89,14.63,0.6541,0.8794,0.9876,0.7253,floodlight,0.1215,hybrid_p95,CONTROLLER
20,1,2026-06-13T00:08:19.236874,floodlight,Tree_D2_F3_bw100M,9,tree,100M,36258.48,0.038,0.0,1.0,0.009,33.78,420.8,12.15,0.91,0.5483,0.9897,0.8468,floodlight,0.1215,hybrid_p95,CONTROLLER
21,1,2026-06-13T00:10:50.773471,onos,Tree_D2_F3_bw100M,9,tree,100M,38203.2,0.06,0.0,1.0,0.018,9.31,1060.86,12.33,0.646,0.7018,0.9895,0.6853,floodlight,0.1215,hybrid_p95,CONTROLLER
22,1,2026-06-13T00:12:13.965902,ryu,Tree_D2_F3_bw200M,9,tree,200M,42864.65,0.046,0.0,1.0,0.009,1.02,33.86,12.66,0.9728,0.876,0.9893,0.9555,ryu,0.0161,hybrid_p95,CONTROLLER
23,1,2026-06-13T00:14:34.543847,floodlight,Tree_D2_F3_bw200M,9,tree,200M,0.0,0.07,0.0,1.0,0.008,50.03,408.7,20.71,0.556,0.4272,0.9826,0.5665,ryu,0.0161,hybrid_p95,CONTROLLER
24,1,2026-06-13T00:17:06.510544,onos,Tree_D2_F3_bw200M,9,tree,200M,39575.89,0.044,0.0,1.0,0.008,7.59,1001.0,12.39,0.9931,0.7166,0.9896,0.9394,ryu,0.0161,hybrid_p95,CONTROLLER
28,1,2026-06-13T00:24:48.028309,ryu,Tree_D2_F4_bw50M,16,tree,50M,35228.31,0.047,0.0,0.994,0.011,1.33,34.17,14.81,0.7843,0.8734,0.9875,0.8183,floodlight,0.0256,hybrid_p95,CONTROLLER
29,1,2026-06-13T00:27:09.420409,floodlight,Tree_D2_F4_bw50M,16,tree,50M,0.0,0.038,0.0,0.994,0.011,33.96,412.66,16.89,0.9067,0.5476,0.9858,0.8439,floodlight,0.0256,hybrid_p95,CONTROLLER
30,1,2026-06-13T00:29:43.192105,onos,Tree_D2_F4_bw50M,16,tree,50M,32907.16,0.053,0.0,0.994,0.004,11.48,1101.98,18.26,0.6367,0.6843,0.9847,0.6748,floodlight,0.0256,hybrid_p95,CONTROLLER
31,1,2026-06-13T00:31:07.131588,ryu,Tree_D2_F4_bw100M,16,tree,100M,33797.59,0.046,0.0,0.994,0.013,1.39,34.2,19.39,0.6427,0.8729,0.9836,0.7154,floodlight,0.1132,hybrid_p95,CONTROLLER
32,1,2026-06-13T00:33:28.562333,floodlight,Tree_D2_F4_bw100M,16,tree,100M,0.0,0.036,0.0,0.994,0.005,44.29,434.3,17.3,0.9067,0.4683,0.9855,0.8286,floodlight,0.1132,hybrid_p95,CONTROLLER
33,1,2026-06-13T00:36:01.929154,onos,Tree_D2_F4_bw100M,16,tree,100M,32575.37,0.045,0.0,0.994,0.003,10.03,1010.05,18.25,0.6748,0.698,0.9847,0.705,floodlight,0.1132,hybrid_p95,CONTROLLER
34,1,2026-06-13T00:37:25.927892,ryu,Tree_D2_F4_bw200M,16,tree,200M,33519.22,0.053,0.0,0.994,0.006,1.31,34.16,13.14,0.6427,0.8735,0.989,0.716,floodlight,0.001,hybrid_p95,CONTROLLER
35,1,2026-06-13T00:39:07.674532,floodlight,Tree_D2_F4_bw200M,16,tree,200M,32432.32,0.04,0.0,0.994,0.009,24.44,431.9,17.06,0.9067,0.6176,0.9856,0.8574,floodlight,0.001,hybrid_p95,CONTROLLER
36,1,2026-06-13T00:41:40.583682,onos,Tree_D2_F4_bw200M,16,tree,200M,33465.51,0.043,0.0,0.994,0.004,23.33,1058.0,14.34,0.9105,0.5966,0.988,0.8564,floodlight,0.001,hybrid_p95,CONTROLLER
43,1,2026-06-13T00:55:00.766128,ryu,Tree_D3_F2_bw100M,8,tree,100M,35840.92,0.058,0.0,1.0,0.013,1.7,34.42,13.25,0.823,0.8704,0.9888,0.8459,ryu,0.0577,hybrid_p95,CONTROLLER
44,1,2026-06-13T00:57:22.122219,floodlight,Tree_D3_F2_bw100M,8,tree,100M,0.0,0.053,0.0,1.0,0.014,73.78,464.54,12.48,0.91,0.2447,0.9894,0.7882,ryu,0.0577,hybrid_p95,CONTROLLER
45,1,2026-06-13T00:59:55.015291,onos,Tree_D3_F2_bw100M,8,tree,100M,31514.85,0.063,0.0,1.0,0.005,12.45,1095.78,17.53,0.6351,0.6772,0.9853,0.6723,ryu,0.0577,hybrid_p95,CONTROLLER
46,1,2026-06-13T01:01:19.277614,ryu,Tree_D3_F2_bw200M,8,tree,200M,30663.92,0.046,0.0,1.0,0.004,1.95,34.41,15.63,0.7168,0.8685,0.9869,0.7685,floodlight,0.0703,hybrid_p95,CONTROLLER
47,1,2026-06-13T01:03:01.305059,floodlight,Tree_D3_F2_bw200M,8,tree,200M,28839.25,0.042,0.0,1.0,0.003,38.82,460.8,14.3,0.91,0.5075,0.988,0.8388,floodlight,0.0703,hybrid_p95,CONTROLLER
48,1,2026-06-13T01:05:34.046932,onos,Tree_D3_F2_bw200M,8,tree,200M,30608.94,0.047,0.0,1.0,0.005,19.41,1043.51,13.26,0.6433,0.6265,0.9889,0.6687,floodlight,0.0703,hybrid_p95,CONTROLLER
49,1,2026-06-13T01:07:00.986169,ryu,Tree_D3_F3_bw10M,27,tree,10M,32547.62,0.057,0.0,0.9833,0.008,3.69,35.26,12.98,0.6367,0.8547,0.9891,0.708,floodlight,0.0331,hybrid_p95,CONTROLLER
50,1,2026-06-13T01:09:25.358343,floodlight,Tree_D3_F3_bw10M,27,tree,10M,0.0,0.043,0.0,0.9833,0.011,187.52,663.01,13.86,0.9007,0.0361,0.9883,0.7411,floodlight,0.0331,hybrid_p95,CONTROLLER
51,1,2026-06-13T01:12:01.705974,onos,Tree_D3_F3_bw10M,27,tree,10M,30827.33,0.054,0.0,0.9833,0.01,28.23,931.48,16.69,0.7078,0.564,0.9859,0.7031,floodlight,0.0331,hybrid_p95,CONTROLLER
52,1,2026-06-13T01:13:28.543340,ryu,Tree_D3_F3_bw50M,27,tree,50M,33003.06,0.06,0.0,0.9833,0.017,3.51,35.06,16.01,0.6367,0.8562,0.9864,0.7081,floodlight,0.0303,hybrid_p95,CONTROLLER
53,1,2026-06-13T01:15:53.654045,floodlight,Tree_D3_F3_bw50M,27,tree,50M,0.0,0.041,0.0,0.9833,0.011,57.37,598.41,13.32,0.9007,0.3596,0.9887,0.8036,floodlight,0.0303,hybrid_p95,CONTROLLER
61,1,2026-06-13T01:33:00.856111,ryu,Tree_D3_F4_bw10M,64,tree,10M,29781.62,0.048,0.0,0.9488,0.006,9.92,36.19,17.54,0.7355,0.807,0.9853,0.7701,ryu,0.0448,hybrid_p95,CONTROLLER
62,1,2026-06-13T01:35:16.375752,floodlight,Tree_D3_F4_bw10M,64,tree,10M,0.0,0.046,0.0,0.9488,0.016,155.66,844.31,19.84,0.8815,0.0282,0.9832,0.7253,ryu,0.0448,hybrid_p95,CONTROLLER
63,1,2026-06-13T01:37:58.781174,onos,Tree_D3_F4_bw10M,64,tree,10M,29374.34,0.049,0.0,0.9488,0.007,30.17,1084.42,14.32,0.6163,0.5444,0.988,0.6333,ryu,0.0448,hybrid_p95,CONTROLLER
64,1,2026-06-13T01:39:30.936788,ryu,Tree_D3_F4_bw50M,64,tree,50M,29786.76,0.055,0.0,0.9488,0.018,13.0,36.19,19.58,0.9339,0.7839,0.9834,0.9091,ryu,0.0224,hybrid_p95,CONTROLLER
65,1,2026-06-13T01:41:27.133530,floodlight,Tree_D3_F4_bw50M,64,tree,50M,0.0,0.1,0.0,0.9488,0.0,100.38,747.86,19.18,0.5275,0.0322,0.984,0.4698,ryu,0.0224,hybrid_p95,CONTROLLER
66,1,2026-06-13T01:44:08.563290,onos,Tree_D3_F4_bw50M,64,tree,50M,32992.2,0.051,0.0,0.9488,0.007,33.14,958.0,17.98,0.9715,0.5262,0.9849,0.8867,ryu,0.0224,hybrid_p95,CONTROLLER
70,1,2026-06-13T01:51:26.082431,ryu,Tree_D3_F4_bw200M,64,tree,200M,38922.92,0.085,0.0,0.9488,0.004,11.86,36.39,19.38,0.645,0.7923,0.9838,0.7016,floodlight,0.0256,hybrid_p95,CONTROLLER
71,1,2026-06-13T01:53:46.018234,floodlight,Tree_D3_F4_bw200M,64,tree,200M,0.0,0.074,0.0,0.9488,0.008,103.39,668.32,13.05,0.8815,0.0359,0.989,0.7272,floodlight,0.0256,hybrid_p95,CONTROLLER
72,1,2026-06-13T01:56:28.752171,onos,Tree_D3_F4_bw200M,64,tree,200M,39808.85,0.086,0.016,0.9486,0.011,22.47,1096.76,16.11,0.6174,0.6019,0.9864,0.6451,floodlight,0.0256,hybrid_p95,CONTROLLER
1,1,2026-06-13T03:41:11.966371,ryu,Tree_D2_F2_bw10M,4,tree,10M,45210.75,0.076,0.0,1.0,0.005,0.38,33.57,22.93,0.8033,0.8811,0.9808,0.8331,floodlight,0.0142,hybrid_p95,CONTROLLER
2,1,2026-06-13T03:42:41.839257,floodlight,Tree_D2_F2_bw10M,4,tree,10M,44178.66,0.066,0.0,1.0,0.008,33.32,400.0,19.21,0.91,0.5534,0.9839,0.8473,floodlight,0.0142,hybrid_p95,CONTROLLER
3,1,2026-06-13T03:45:13.664963,onos,Tree_D2_F2_bw10M,4,tree,10M,44808.79,0.084,0.0,1.0,0.011,22.64,874.72,20.41,0.6109,0.608,0.9828,0.6412,floodlight,0.0142,hybrid_p95,CONTROLLER
4,1,2026-06-13T03:46:36.398527,ryu,Tree_D2_F2_bw50M,4,tree,50M,43724.55,0.079,0.0,1.0,0.006,0.62,33.55,23.69,0.556,0.8793,0.9802,0.6536,floodlight,0.0768,hybrid_p95,CONTROLLER
5,1,2026-06-13T03:48:06.206251,floodlight,Tree_D2_F2_bw50M,4,tree,50M,43970.08,0.06,0.0,1.0,0.011,34.09,407.45,12.47,0.9277,0.547,0.9894,0.8593,floodlight,0.0768,hybrid_p95,CONTROLLER
6,1,2026-06-13T03:50:38.562706,onos,Tree_D2_F2_bw50M,4,tree,50M,44976.43,0.071,0.0,1.0,0.008,17.37,819.08,21.67,0.7951,0.6498,0.9818,0.7825,floodlight,0.0768,hybrid_p95,CONTROLLER
10,1,2026-06-13T03:58:14.688101,ryu,Tree_D2_F2_bw200M,4,tree,200M,38642.08,0.044,0.0,1.0,0.01,0.35,33.56,12.35,0.646,0.8813,0.9896,0.7199,floodlight,0.1274,hybrid_p95,CONTROLLER
12,1,2026-06-13T04:03:05.671592,onos,Tree_D2_F2_bw200M,4,tree,200M,34656.96,0.044,0.0,1.0,0.005,25.25,1076.33,16.09,0.6367,0.5816,0.9865,0.6551,floodlight,0.1274,hybrid_p95,CONTROLLER
13,1,2026-06-13T04:04:28.880648,ryu,Tree_D2_F3_bw10M,9,tree,10M,33939.62,0.042,0.0,1.0,0.008,0.78,33.87,15.79,0.9902,0.8778,0.9867,0.9682,ryu,0.2939,hybrid_p95,CONTROLLER
14,1,2026-06-13T04:06:10.883791,floodlight,Tree_D2_F3_bw10M,9,tree,10M,32174.9,0.046,0.0,1.0,0.023,33.45,406.68,13.58,0.6268,0.5519,0.9883,0.6423,ryu,0.2939,hybrid_p95,CONTROLLER
15,1,2026-06-13T04:08:42.965624,onos,Tree_D2_F3_bw10M,9,tree,10M,34154.86,0.047,0.0,1.0,0.004,17.13,997.91,13.62,0.646,0.6451,0.9886,0.6743,ryu,0.2939,hybrid_p95,CONTROLLER
22,1,2026-06-13T04:21:57.667621,ryu,Tree_D2_F3_bw200M,9,tree,200M,39952.96,0.044,0.0,1.0,0.008,0.62,33.87,14.65,0.646,0.879,0.9877,0.7193,floodlight,0.0555,hybrid_p95,CONTROLLER
23,1,2026-06-13T04:23:39.507929,floodlight,Tree_D2_F3_bw200M,9,tree,200M,35568.13,0.038,0.0,1.0,0.01,34.29,391.5,16.26,0.91,0.5468,0.9863,0.8462,floodlight,0.0555,hybrid_p95,CONTROLLER
24,1,2026-06-13T04:26:11.287113,onos,Tree_D2_F3_bw200M,9,tree,200M,38450.2,0.041,0.0,1.0,0.005,9.45,1093.63,12.31,0.7922,0.6998,0.9897,0.7907,floodlight,0.0555,hybrid_p95,CONTROLLER
25,1,2026-06-13T04:27:34.988578,ryu,Tree_D2_F4_bw10M,16,tree,10M,38866.44,0.055,0.0,0.994,0.014,1.05,34.23,12.96,0.6427,0.8754,0.989,0.7163,floodlight,0.1309,hybrid_p95,CONTROLLER
26,1,2026-06-13T04:29:16.511055,floodlight,Tree_D2_F4_bw10M,16,tree,10M,35817.37,0.039,0.0,0.994,0.01,31.58,443.71,12.75,0.9067,0.5631,0.9892,0.8472,floodlight,0.1309,hybrid_p95,CONTROLLER
27,1,2026-06-13T04:31:48.765191,onos,Tree_D2_F4_bw10M,16,tree,10M,37628.88,0.053,0.0,0.994,0.013,11.28,908.35,12.12,0.6504,0.6921,0.9897,0.6866,floodlight,0.1309,hybrid_p95,CONTROLLER
28,1,2026-06-13T04:33:12.590645,ryu,Tree_D2_F4_bw50M,16,tree,50M,43689.37,0.048,0.0,0.994,0.011,1.29,34.2,12.08,0.9758,0.8737,0.9898,0.9573,ryu,0.0689,hybrid_p95,CONTROLLER
29,1,2026-06-13T04:35:33.644328,floodlight,Tree_D2_F4_bw50M,16,tree,50M,0.0,0.064,0.0,0.994,0.008,51.78,433.05,19.68,0.5527,0.4122,0.9835,0.5613,ryu,0.0689,hybrid_p95,CONTROLLER
30,1,2026-06-13T04:38:05.775729,onos,Tree_D2_F4_bw50M,16,tree,50M,38195.43,0.047,0.0,0.994,0.012,38.83,1027.07,12.07,0.9853,0.4812,0.9898,0.8884,ryu,0.0689,hybrid_p95,CONTROLLER
34,1,2026-06-13T04:45:47.650547,ryu,Tree_D2_F4_bw200M,16,tree,200M,33986.51,0.043,0.0,0.994,0.005,1.17,34.18,15.58,0.8551,0.8746,0.9869,0.8698,ryu,0.0423,hybrid_p95,CONTROLLER
35,1,2026-06-13T04:48:09.042212,floodlight,Tree_D2_F4_bw200M,16,tree,200M,0.0,0.037,0.0,0.994,0.008,45.38,411.62,14.69,0.9067,0.4619,0.9876,0.8275,ryu,0.0423,hybrid_p95,CONTROLLER
36,1,2026-06-13T04:50:42.325974,onos,Tree_D2_F4_bw200M,16,tree,200M,32839.93,0.052,0.0,0.994,0.007,27.33,1019.2,17.55,0.6396,0.5678,0.9853,0.6545,ryu,0.0423,hybrid_p95,CONTROLLER
37,1,2026-06-13T04:52:06.520581,ryu,Tree_D3_F2_bw10M,8,tree,10M,30351.82,0.046,0.0,1.0,0.004,1.74,34.37,13.22,0.8577,0.8701,0.9889,0.871,ryu,0.0295,hybrid_p95,CONTROLLER
38,1,2026-06-13T04:53:43.555237,floodlight,Tree_D3_F2_bw10M,8,tree,10M,28431.83,0.04,0.0,1.0,0.004,36.84,476.6,13.68,0.91,0.5212,0.9885,0.8415,ryu,0.0295,hybrid_p95,CONTROLLER
39,1,2026-06-13T04:56:16.367183,onos,Tree_D3_F2_bw10M,8,tree,10M,31336.1,0.059,0.0,1.0,0.004,10.64,1025.08,15.15,0.646,0.693,0.9873,0.6834,ryu,0.0295,hybrid_p95,CONTROLLER
43,1,2026-06-13T05:03:58.961198,ryu,Tree_D3_F2_bw100M,8,tree,100M,33698.14,0.053,0.0,1.0,0.011,1.51,34.45,12.38,0.91,0.8718,0.9895,0.9092,ryu,0.043,hybrid_p95,CONTROLLER
44,1,2026-06-13T05:05:35.719830,floodlight,Tree_D3_F2_bw100M,8,tree,100M,34226.11,0.053,0.0,1.0,0.011,35.79,489.23,15.33,0.9424,0.5283,0.9871,0.8662,ryu,0.043,hybrid_p95,CONTROLLER
45,1,2026-06-13T05:08:08.020155,onos,Tree_D3_F2_bw100M,8,tree,100M,35166.57,0.057,0.0,1.0,0.011,7.14,1065.98,12.12,0.646,0.718,0.9897,0.6884,ryu,0.043,hybrid_p95,CONTROLLER
52,1,2026-06-13T05:22:20.903305,ryu,Tree_D3_F3_bw50M,27,tree,50M,30893.97,0.049,0.0,0.9833,0.008,3.51,35.3,15.68,0.6873,0.856,0.9868,0.7447,floodlight,0.0605,hybrid_p95,CONTROLLER
53,1,2026-06-13T05:24:06.001236,floodlight,Tree_D3_F3_bw50M,27,tree,50M,28927.41,0.043,0.0,0.9833,0.009,56.39,557.72,17.49,0.9007,0.3693,0.9853,0.8052,floodlight,0.0605,hybrid_p95,CONTROLLER
55,1,2026-06-13T05:28:09.081090,ryu,Tree_D3_F3_bw100M,27,tree,100M,33339.5,0.051,0.0,0.9833,0.01,3.27,35.09,12.97,0.791,0.858,0.989,0.8204,ryu,0.0793,hybrid_p95,CONTROLLER
56,1,2026-06-13T05:29:51.363457,floodlight,Tree_D3_F3_bw100M,27,tree,100M,30162.79,0.042,0.0,0.9833,0.008,108.77,665.2,13.91,0.9007,0.036,0.9883,0.7411,ryu,0.0793,hybrid_p95,CONTROLLER
57,1,2026-06-13T05:32:26.796339,onos,Tree_D3_F3_bw100M,27,tree,100M,34412.52,0.06,0.0,0.9833,0.018,15.96,1152.0,13.0,0.6367,0.6492,0.9889,0.6684,ryu,0.0793,hybrid_p95,CONTROLLER
67,1,2026-06-13T05:53:55.771641,ryu,Tree_D3_F4_bw100M,64,tree,100M,29992.26,0.047,0.0,0.9488,0.008,10.43,36.4,18.26,0.8535,0.803,0.9847,0.8547,ryu,0.1294,hybrid_p95,CONTROLLER
68,1,2026-06-13T05:56:25.892661,floodlight,Tree_D3_F4_bw100M,64,tree,100M,0.0,0.042,0.0,0.9488,0.009,138.62,863.92,18.44,0.8815,0.0275,0.9845,0.7253,ryu,0.1294,hybrid_p95,CONTROLLER
69,1,2026-06-13T05:59:08.921975,onos,Tree_D3_F4_bw100M,64,tree,100M,29592.86,0.057,0.0,0.9488,0.017,28.32,1037.41,14.54,0.6163,0.5598,0.9876,0.6362,ryu,0.1294,hybrid_p95,CONTROLLER
1,1,2026-07-13T06:41:03.803577,ryu,Ring_4n_10M,4,ring,10M,37498.4,0.089,0.0,1.0,0.007,0.39,47.6,19.01,0.556,0.8698,0.9841,0.6521,onos,0.257,hybrid_p95,CONTROLLER
2,1,2026-07-13T06:42:57.894580,floodlight,Ring_4n_10M,4,ring,10M,41863.87,0.085,0.0,1.0,0.013,43.49,415.4,16.06,0.6954,0.4758,0.9864,0.6772,onos,0.257,hybrid_p95,CONTROLLER
3,1,2026-07-13T06:45:30.370657,onos,Ring_4n_10M,4,ring,10M,47768.98,0.075,0.0,1.0,0.009,15.32,783.31,20.76,1.0,0.6666,0.9826,0.9342,onos,0.257,hybrid_p95,CONTROLLER
4,1,2026-07-13T06:47:42.336547,ryu,Ring_4n_50M,4,ring,50M,35888.03,0.085,0.0,1.0,0.018,0.54,35.18,17.33,0.7647,0.8784,0.9853,0.805,onos,0.1158,hybrid_p95,CONTROLLER
5,1,2026-07-13T06:49:36.698926,floodlight,Ring_4n_50M,4,ring,50M,26878.9,0.099,0.0,1.0,0.028,31.25,413.9,14.08,0.556,0.5678,0.9878,0.5941,onos,0.1158,hybrid_p95,CONTROLLER
6,1,2026-07-13T06:52:09.857487,onos,Ring_4n_50M,4,ring,50M,39762.72,0.065,0.0,1.0,0.008,24.64,800.42,17.4,1.0,0.5959,0.9854,0.9208,onos,0.1158,hybrid_p95,CONTROLLER
7,1,2026-07-13T06:54:01.897270,ryu,Ring_4n_100M,4,ring,100M,33522.64,0.096,0.0,1.0,0.014,0.64,35.42,26.59,0.5674,0.8774,0.9776,0.6613,onos,0.2481,hybrid_p95,CONTROLLER
8,1,2026-07-13T06:55:56.085183,floodlight,Ring_4n_100M,4,ring,100M,32383.69,0.091,0.0,1.0,0.014,31.75,410.6,17.53,0.6192,0.5643,0.9852,0.639,onos,0.2481,hybrid_p95,CONTROLLER
9,1,2026-07-13T06:58:30.882191,onos,Ring_4n_100M,4,ring,100M,41361.17,0.068,0.0,1.0,0.014,32.1,890.9,16.65,1.0,0.5364,0.9859,0.9094,onos,0.2481,hybrid_p95,CONTROLLER
13,1,2026-07-13T07:07:22.833528,ryu,Ring_5n_10M,5,ring,10M,29827.43,0.096,0.0,1.0,0.01,0.78,35.35,16.22,0.556,0.8764,0.9863,0.6536,onos,0.1764,hybrid_p95,CONTROLLER
14,1,2026-07-13T07:09:17.339833,floodlight,Ring_5n_10M,5,ring,10M,36691.08,0.087,0.0,1.0,0.041,32.54,441.32,20.82,0.7527,0.5561,0.982,0.7338,onos,0.1764,hybrid_p95,CONTROLLER
15,1,2026-07-13T07:11:51.201656,onos,Ring_5n_10M,5,ring,10M,40445.05,0.073,0.0,1.0,0.01,31.53,861.44,19.76,1.0,0.5418,0.9834,0.9102,onos,0.1764,hybrid_p95,CONTROLLER
16,1,2026-07-13T07:14:03.473780,ryu,Ring_5n_50M,5,ring,50M,35774.8,0.09,0.0,1.0,0.013,0.61,35.45,15.71,0.6073,0.8776,0.9867,0.691,onos,0.2189,hybrid_p95,CONTROLLER
17,1,2026-07-13T07:15:58.032642,floodlight,Ring_5n_50M,5,ring,50M,30528.25,0.09,0.0,1.0,0.011,32.06,416.6,15.24,0.556,0.5615,0.9871,0.5928,onos,0.2189,hybrid_p95,CONTROLLER
18,1,2026-07-13T07:18:32.371387,onos,Ring_5n_50M,5,ring,50M,39726.28,0.077,0.0,1.0,0.012,32.16,830.12,13.95,1.0,0.5382,0.9882,0.9099,onos,0.2189,hybrid_p95,CONTROLLER
19,1,2026-07-13T07:20:44.624179,ryu,Ring_5n_100M,5,ring,100M,35362.13,0.093,0.0,1.0,0.015,0.62,35.46,15.62,0.8181,0.8775,0.9868,0.8435,onos,0.0798,hybrid_p95,CONTROLLER
20,1,2026-07-13T07:22:39.060766,floodlight,Ring_5n_100M,5,ring,100M,27951.77,0.113,0.0,1.0,0.071,33.76,430.21,15.16,0.556,0.5477,0.9863,0.5901,onos,0.0798,hybrid_p95,CONTROLLER
21,1,2026-07-13T07:25:14.949263,onos,Ring_5n_100M,5,ring,100M,39107.44,0.078,0.0,1.0,0.016,22.78,845.7,15.23,1.0,0.6081,0.9871,0.9233,onos,0.0798,hybrid_p95,CONTROLLER
25,1,2026-07-13T07:33:29.488907,ryu,Ring_6n_10M,6,ring,10M,27785.46,0.121,0.0,1.0,0.049,0.85,35.47,17.44,0.556,0.8758,0.9847,0.6533,onos,0.2193,hybrid_p95,CONTROLLER
26,1,2026-07-13T07:35:23.904330,floodlight,Ring_6n_10M,6,ring,10M,30481.98,0.099,0.0,1.0,0.007,35.52,481.2,17.61,0.7324,0.5308,0.9852,0.7145,onos,0.2193,hybrid_p95,CONTROLLER
27,1,2026-07-13T07:37:57.901494,onos,Ring_6n_10M,6,ring,10M,44959.66,0.073,0.0,1.0,0.014,14.48,927.52,28.19,1.0,0.6674,0.9763,0.9338,onos,0.2193,hybrid_p95,CONTROLLER
28,1,2026-07-13T07:40:08.778467,ryu,Ring_6n_50M,6,ring,50M,29564.15,0.125,0.0,1.0,0.014,0.86,35.47,15.73,0.8923,0.8757,0.9867,0.8969,ryu,0.0705,hybrid_p95,CONTROLLER
29,1,2026-07-13T07:42:03.262024,floodlight,Ring_6n_50M,6,ring,50M,28936.25,0.076,0.0,1.0,0.01,47.43,439.81,17.49,0.91,0.4443,0.9853,0.8264,ryu,0.0705,hybrid_p95,CONTROLLER
30,1,2026-07-13T07:44:36.892158,onos,Ring_6n_50M,6,ring,50M,43664.07,0.882,0.0,1.0,2.199,22.16,853.04,17.12,0.646,0.6125,0.9527,0.665,ryu,0.0705,hybrid_p95,CONTROLLER
34,1,2026-07-13T07:53:10.654404,ryu,Ring_6n_500M,6,ring,500M,34383.92,0.115,0.0,1.0,0.017,0.84,35.48,16.07,0.556,0.8759,0.9864,0.6535,onos,0.2175,hybrid_p95,CONTROLLER
35,1,2026-07-13T07:55:05.353710,floodlight,Ring_6n_500M,6,ring,500M,36540.75,0.097,0.0,1.0,0.022,46.06,417.22,17.53,0.732,0.4564,0.9851,0.6998,onos,0.2175,hybrid_p95,CONTROLLER
36,1,2026-07-13T07:57:40.818671,onos,Ring_6n_500M,6,ring,500M,40603.22,0.071,0.0,1.0,0.018,26.64,906.2,14.44,1.0,0.5768,0.9877,0.9173,onos,0.2175,hybrid_p95,CONTROLLER
37,1,2026-07-13T07:59:53.437587,ryu,Ring_7n_10M,7,ring,10M,30408.16,0.106,0.0,1.0,0.038,1.0,35.57,17.29,0.9198,0.8746,0.985,0.9165,ryu,0.0948,hybrid_p95,CONTROLLER
38,1,2026-07-13T08:01:48.224944,floodlight,Ring_7n_10M,7,ring,10M,28867.28,0.1,0.0,1.0,0.021,50.27,488.0,16.6,0.91,0.4196,0.9859,0.8217,ryu,0.0948,hybrid_p95,CONTROLLER
39,1,2026-07-13T08:04:24.223924,onos,Ring_7n_10M,7,ring,10M,40604.06,1.147,0.0,1.0,2.954,22.15,947.6,18.56,0.646,0.6091,0.9402,0.6633,ryu,0.0948,hybrid_p95,CONTROLLER
40,1,2026-07-13T08:06:35.409552,ryu,Ring_7n_50M,7,ring,50M,24539.41,0.139,0.0,1.0,0.023,1.02,35.51,17.37,0.5687,0.8745,0.9852,0.6623,onos,0.2023,hybrid_p95,CONTROLLER
41,1,2026-07-13T08:08:30.244435,floodlight,Ring_7n_50M,7,ring,50M,21978.71,0.114,0.0,1.0,0.015,47.92,476.1,16.98,0.7527,0.4381,0.9856,0.7113,onos,0.2023,hybrid_p95,CONTROLLER
42,1,2026-07-13T08:11:07.162712,onos,Ring_7n_50M,7,ring,50M,40072.25,0.094,0.0,1.0,0.057,28.45,953.44,24.13,1.0,0.5616,0.979,0.9136,onos,0.2023,hybrid_p95,CONTROLLER
43,1,2026-07-13T08:12:59.914685,ryu,Ring_7n_100M,7,ring,100M,36095.46,0.107,0.0,1.0,0.023,1.12,35.5,17.51,0.9755,0.8737,0.9851,0.9567,ryu,0.1156,hybrid_p95,CONTROLLER
44,1,2026-07-13T08:14:54.761777,floodlight,Ring_7n_100M,7,ring,100M,23454.15,0.101,0.0,1.0,0.009,37.03,460.4,18.62,0.91,0.521,0.9843,0.8411,ryu,0.1156,hybrid_p95,CONTROLLER
45,1,2026-07-13T08:17:30.242828,onos,Ring_7n_100M,7,ring,100M,40286.61,1.121,0.0,1.0,2.777,30.86,901.78,18.3,0.646,0.5453,0.9431,0.6512,ryu,0.1156,hybrid_p95,CONTROLLER
46,1,2026-07-13T08:19:42.914025,ryu,Ring_7n_500M,7,ring,500M,33036.63,0.13,0.0,1.0,0.059,1.08,35.55,15.99,0.6106,0.874,0.9858,0.6926,onos,0.2001,hybrid_p95,CONTROLLER
47,1,2026-07-13T08:21:37.781295,floodlight,Ring_7n_500M,7,ring,500M,23236.65,0.102,0.0,1.0,0.028,34.97,471.71,17.75,0.7185,0.5356,0.9848,0.7053,onos,0.2001,hybrid_p95,CONTROLLER
48,1,2026-07-13T08:24:18.760869,onos,Ring_7n_500M,7,ring,500M,39389.49,0.069,0.001,1.0,0.01,34.45,900.4,23.06,1.0,0.5184,0.9806,0.9054,onos,0.2001,hybrid_p95,CONTROLLER
49,1,2026-07-13T08:26:11.635010,ryu,Ring_8n_10M,8,ring,10M,24284.23,0.109,0.0,1.0,0.023,1.23,35.55,15.68,0.7089,0.8729,0.9866,0.7636,onos,0.154,hybrid_p95,CONTROLLER
50,1,2026-07-13T08:28:06.955738,floodlight,Ring_8n_10M,8,ring,10M,27068.39,0.128,0.0,1.0,0.054,50.1,461.82,15.85,0.5729,0.4227,0.986,0.5782,onos,0.154,hybrid_p95,CONTROLLER
51,1,2026-07-13T08:30:42.854908,onos,Ring_8n_10M,8,ring,10M,39106.74,0.084,0.0,1.0,0.029,25.98,992.18,14.84,1.0,0.5788,0.9872,0.9176,onos,0.154,hybrid_p95,CONTROLLER
55,1,2026-07-13T08:39:19.105325,ryu,Ring_8n_100M,8,ring,100M,35638.79,0.091,0.0,1.0,0.016,1.17,35.58,17.18,0.7467,0.8733,0.9854,0.7909,onos,0.1222,hybrid_p95,CONTROLLER
56,1,2026-07-13T08:41:14.182100,floodlight,Ring_8n_100M,8,ring,100M,29677.78,0.105,0.0,1.0,0.04,42.23,475.92,16.6,0.556,0.4808,0.9856,0.5771,onos,0.1222,hybrid_p95,CONTROLLER
57,1,2026-07-13T08:43:50.786226,onos,Ring_8n_100M,8,ring,100M,39136.99,0.068,0.0,1.0,0.007,28.7,1004.0,23.61,1.0,0.558,0.9802,0.9131,onos,0.1222,hybrid_p95,CONTROLLER
59,1,2026-07-13T08:47:57.493025,floodlight,Ring_8n_500M,8,ring,500M,29620.71,0.083,0.0,1.0,0.011,36.44,462.61,16.99,0.9464,0.5252,0.9857,0.8684,ryu,0.0243,hybrid_p95,CONTROLLER
60,1,2026-07-13T08:50:33.748027,onos,Ring_8n_500M,8,ring,500M,39296.9,1.419,0.0,1.0,3.663,28.69,943.2,17.37,0.646,0.5601,0.9306,0.653,ryu,0.0243,hybrid_p95,CONTROLLER
61,1,2026-07-13T08:52:26.930071,ryu,Ring_9n_10M,9,ring,10M,30985.4,0.107,0.0,1.0,0.041,1.45,35.69,16.61,0.5999,0.8711,0.9855,0.6842,onos,0.1781,hybrid_p95,CONTROLLER
62,1,2026-07-13T08:54:22.330123,floodlight,Ring_9n_10M,9,ring,10M,23311.78,0.095,0.0,1.0,0.019,38.68,489.22,16.22,0.7684,0.5066,0.9862,0.736,onos,0.1781,hybrid_p95,CONTROLLER
63,1,2026-07-13T08:57:04.538151,onos,Ring_9n_10M,9,ring,10M,39043.26,0.087,0.0,1.0,0.016,27.72,1046.53,25.49,1.0,0.564,0.9785,0.9141,onos,0.1781,hybrid_p95,CONTROLLER
64,1,2026-07-13T08:58:57.602771,ryu,Ring_9n_50M,9,ring,50M,33673.44,0.117,0.0,1.0,0.04,1.29,35.66,15.19,0.556,0.8723,0.9867,0.6528,onos,0.2726,hybrid_p95,CONTROLLER
65,1,2026-07-13T09:00:52.994313,floodlight,Ring_9n_50M,9,ring,50M,35446.47,0.113,0.0,1.0,0.034,37.18,507.2,17.95,0.6364,0.5167,0.9845,0.6422,onos,0.2726,hybrid_p95,CONTROLLER
66,1,2026-07-13T09:03:35.163334,onos,Ring_9n_50M,9,ring,50M,41146.53,0.093,0.0,1.0,0.021,20.55,942.62,21.22,1.0,0.6213,0.982,0.9254,onos,0.2726,hybrid_p95,CONTROLLER
67,1,2026-07-13T09:05:48.248995,ryu,Ring_9n_100M,9,ring,100M,29142.44,0.095,0.0,1.0,0.02,1.45,35.65,16.65,0.5598,0.8711,0.9858,0.6553,onos,0.1058,hybrid_p95,CONTROLLER
68,1,2026-07-13T09:07:43.529028,floodlight,Ring_9n_100M,9,ring,100M,28615.85,0.079,0.0,1.0,0.012,55.36,462.6,15.94,0.8892,0.3831,0.9865,0.7996,onos,0.1058,hybrid_p95,CONTROLLER
69,1,2026-07-13T09:10:20.257725,onos,Ring_9n_100M,9,ring,100M,40957.63,0.078,0.0,1.0,0.01,34.15,980.7,21.43,1.0,0.5178,0.982,0.9054,onos,0.1058,hybrid_p95,CONTROLLER
70,1,2026-07-13T09:12:31.778319,ryu,Ring_9n_500M,9,ring,500M,23098.7,0.159,0.0,1.0,0.066,1.31,35.69,16.72,0.5631,0.8721,0.9851,0.6578,onos,0.2428,hybrid_p95,CONTROLLER
71,1,2026-07-13T09:14:27.023960,floodlight,Ring_9n_500M,9,ring,500M,21636.85,0.119,0.011,1.0,0.019,63.45,510.13,17.53,0.733,0.3192,0.9851,0.6741,onos,0.2428,hybrid_p95,CONTROLLER
72,1,2026-07-13T09:17:04.274020,onos,Ring_9n_500M,9,ring,500M,40053.18,0.079,0.0,1.0,0.019,26.24,1014.0,18.0,1.0,0.5762,0.9847,0.9169,onos,0.2428,hybrid_p95,CONTROLLER
73,1,2026-07-13T09:18:57.531950,ryu,Ring_10n_10M,10,ring,10M,21927.92,0.129,0.0,1.0,0.019,1.43,35.75,15.56,0.556,0.8712,0.9867,0.6526,onos,0.1798,hybrid_p95,CONTROLLER
74,1,2026-07-13T09:20:53.149721,floodlight,Ring_10n_10M,10,ring,10M,33603.13,0.101,0.0,1.0,0.035,58.32,498.88,15.71,0.8015,0.3584,0.9864,0.7313,onos,0.1798,hybrid_p95,CONTROLLER
75,1,2026-07-13T09:23:31.470012,onos,Ring_10n_10M,10,ring,10M,41081.95,0.077,0.0,1.0,0.025,30.27,1019.05,16.81,1.0,0.5457,0.9856,0.9111,onos,0.1798,hybrid_p95,CONTROLLER
77,1,2026-07-13T09:27:39.007966,floodlight,Ring_10n_50M,10,ring,50M,25487.32,0.082,0.0,1.0,0.005,37.47,535.7,17.3,0.9304,0.5127,0.9855,0.8543,ryu,0.0276,hybrid_p95,CONTROLLER
78,1,2026-07-13T09:30:17.122133,onos,Ring_10n_50M,10,ring,50M,40887.78,0.835,0.0,1.0,1.817,29.82,892.2,16.47,0.646,0.5535,0.959,0.6541,ryu,0.0276,hybrid_p95,CONTROLLER
79,1,2026-07-13T09:32:10.417724,ryu,Ring_10n_100M,10,ring,100M,34683.61,0.101,0.0,1.0,0.033,1.3,35.71,21.07,0.7086,0.8722,0.9819,0.7629,onos,0.1492,hybrid_p95,CONTROLLER
80,1,2026-07-13T09:34:06.217023,floodlight,Ring_10n_100M,10,ring,100M,28894.3,0.109,0.0,1.0,0.021,39.78,485.81,15.74,0.556,0.4985,0.9866,0.5806,onos,0.1492,hybrid_p95,CONTROLLER
81,1,2026-07-13T09:36:44.673256,onos,Ring_10n_100M,10,ring,100M,40826.91,0.083,0.0,1.0,0.037,29.53,975.8,21.58,1.0,0.5527,0.9815,0.9121,onos,0.1492,hybrid_p95,CONTROLLER
82,1,2026-07-13T09:38:37.976307,ryu,Ring_10n_500M,10,ring,500M,21496.53,0.102,0.0,1.0,0.018,1.54,35.65,16.09,0.7684,0.8705,0.9863,0.8062,onos,0.1147,hybrid_p95,CONTROLLER
83,1,2026-07-13T09:40:33.683429,floodlight,Ring_10n_500M,10,ring,500M,24736.73,0.147,0.003,1.0,0.064,55.8,497.9,17.11,0.5717,0.3774,0.9848,0.5685,onos,0.1147,hybrid_p95,CONTROLLER
84,1,2026-07-13T09:43:16.481244,onos,Ring_10n_500M,10,ring,500M,40099.29,0.072,0.0,1.0,0.011,23.59,930.42,24.02,1.0,0.5989,0.9798,0.9209,onos,0.1147,hybrid_p95,CONTROLLER
85,1,2026-07-13T09:45:09.965476,ryu,Ring_11n_10M,11,ring,10M,24765.98,0.096,0.0,0.999,0.01,1.39,35.74,18.23,0.931,0.8715,0.9847,0.924,ryu,0.0562,hybrid_p95,CONTROLLER
87,1,2026-07-13T09:49:43.272536,onos,Ring_11n_10M,11,ring,10M,39403.09,0.1,0.0,0.999,0.054,30.3,1009.05,19.65,0.9404,0.5458,0.9828,0.8678,ryu,0.0562,hybrid_p95,CONTROLLER
88,1,2026-07-13T09:51:36.811483,ryu,Ring_11n_50M,11,ring,50M,28904.81,0.119,0.0,0.999,0.03,1.76,35.75,21.57,0.9461,0.8687,0.9816,0.9341,ryu,0.1078,hybrid_p95,CONTROLLER
90,1,2026-07-13T09:56:10.564855,onos,Ring_11n_50M,11,ring,50M,38942.95,0.12,0.0,0.999,0.053,44.12,1047.55,17.44,0.9109,0.4408,0.9847,0.8263,ryu,0.1078,hybrid_p95,CONTROLLER
91,1,2026-07-13T09:58:04.021781,ryu,Ring_11n_100M,11,ring,100M,38332.97,0.105,0.0,0.999,0.049,1.6,35.69,21.47,0.6454,0.87,0.9814,0.7167,onos,0.0503,hybrid_p95,CONTROLLER
92,1,2026-07-13T09:59:59.886519,floodlight,Ring_11n_100M,11,ring,100M,19699.57,0.077,0.0,0.999,0.013,186.06,529.32,16.15,0.786,0.0435,0.9863,0.6593,onos,0.0503,hybrid_p95,CONTROLLER
93,1,2026-07-13T10:02:38.241195,onos,Ring_11n_100M,11,ring,100M,26369.59,0.062,0.0,0.999,0.018,205.46,1041.46,26.2,0.9417,0.0213,0.9779,0.767,onos,0.0503,hybrid_p95,CONTROLLER
94,1,2026-07-13T10:04:31.905048,ryu,Ring_11n_500M,11,ring,500M,22398.84,0.108,0.0,0.999,0.048,1.56,35.65,16.12,0.5554,0.8703,0.9858,0.6519,onos,0.253,hybrid_p95,CONTROLLER
95,1,2026-07-13T10:06:27.714188,floodlight,Ring_11n_500M,11,ring,500M,34029.66,0.1,0.001,0.999,0.03,149.35,593.41,17.36,0.7617,0.0397,0.9851,0.6409,onos,0.253,hybrid_p95,CONTROLLER
96,1,2026-07-13T10:09:10.840984,onos,Ring_11n_500M,11,ring,500M,40682.1,0.089,0.006,0.9989,0.04,34.45,951.5,19.28,0.9994,0.5166,0.9833,0.9049,onos,0.253,hybrid_p95,CONTROLLER
1,1,2026-07-13T10:16:35.708452,ryu,Ring_4n_10M,4,ring,10M,30376.84,0.115,0.0,1.0,0.025,0.56,35.2,16.22,0.556,0.8782,0.9861,0.6539,onos,0.1247,hybrid_p95,CONTROLLER
2,1,2026-07-13T10:18:29.987963,floodlight,Ring_4n_10M,4,ring,10M,32083.3,0.085,0.0,1.0,0.013,36.39,409.2,21.91,0.831,0.5296,0.9815,0.7853,onos,0.1247,hybrid_p95,CONTROLLER
3,1,2026-07-13T10:21:04.764738,onos,Ring_4n_10M,4,ring,10M,39970.69,0.074,0.0,1.0,0.011,32.24,771.24,18.37,1.0,0.5401,0.9845,0.91,onos,0.1247,hybrid_p95,CONTROLLER
4,1,2026-07-13T10:22:56.780027,ryu,Ring_4n_50M,4,ring,50M,30349.85,0.104,0.0,1.0,0.037,0.54,35.27,18.07,0.556,0.8783,0.9844,0.6538,onos,0.145,hybrid_p95,CONTROLLER
5,1,2026-07-13T10:24:51.068645,floodlight,Ring_4n_50M,4,ring,50M,30483.95,0.095,0.0,1.0,0.019,32.87,402.6,17.58,0.8023,0.5566,0.9851,0.77,onos,0.145,hybrid_p95,CONTROLLER
6,1,2026-07-13T10:27:25.656931,onos,Ring_4n_50M,4,ring,50M,40574.14,0.091,0.0,1.0,0.019,27.76,931.31,22.3,1.0,0.5675,0.9811,0.915,onos,0.145,hybrid_p95,CONTROLLER
7,1,2026-07-13T10:29:17.674795,ryu,Ring_4n_100M,4,ring,100M,31802.2,0.087,0.0,1.0,0.004,0.41,35.29,19.72,0.733,0.8793,0.9835,0.782,onos,0.1339,hybrid_p95,CONTROLLER
8,1,2026-07-13T10:31:11.983917,floodlight,Ring_4n_100M,4,ring,100M,36222.26,0.088,0.0,1.0,0.022,34.1,390.7,14.04,0.5935,0.5483,0.988,0.6175,onos,0.1339,hybrid_p95,CONTROLLER
9,1,2026-07-13T10:33:46.605567,onos,Ring_4n_100M,4,ring,100M,42402.02,0.086,0.0,1.0,0.018,28.0,821.05,15.24,1.0,0.5698,0.987,0.9159,onos,0.1339,hybrid_p95,CONTROLLER
10,1,2026-07-13T10:35:57.209677,ryu,Ring_4n_500M,4,ring,500M,31839.95,0.111,0.0,1.0,0.035,0.33,35.43,25.37,0.91,0.8797,0.9783,0.9098,ryu,0.0389,hybrid_p95,CONTROLLER
11,1,2026-07-13T10:37:51.453307,floodlight,Ring_4n_500M,4,ring,500M,35798.96,0.116,0.0,1.0,0.065,35.45,393.7,17.12,0.9467,0.5379,0.9848,0.8709,ryu,0.0389,hybrid_p95,CONTROLLER
12,1,2026-07-13T10:40:31.150423,onos,Ring_4n_500M,4,ring,500M,40871.75,0.745,0.0,1.0,1.802,28.99,948.68,19.24,0.646,0.5577,0.9569,0.6548,ryu,0.0389,hybrid_p95,CONTROLLER
13,1,2026-07-13T10:42:23.368725,ryu,Ring_5n_10M,5,ring,10M,29025.37,0.13,0.0,1.0,0.07,0.69,35.47,17.38,0.5684,0.877,0.9845,0.6625,onos,0.1497,hybrid_p95,CONTROLLER
14,1,2026-07-13T10:44:17.776986,floodlight,Ring_5n_10M,5,ring,10M,27061.4,0.102,0.0,1.0,0.021,33.34,476.21,17.97,0.7978,0.5476,0.9847,0.765,onos,0.1497,hybrid_p95,CONTROLLER
15,1,2026-07-13T10:46:53.306034,onos,Ring_5n_10M,5,ring,10M,41290.16,0.089,0.0,1.0,0.029,28.42,808.5,24.52,1.0,0.5672,0.9791,0.9147,onos,0.1497,hybrid_p95,CONTROLLER
16,1,2026-07-13T10:48:45.586079,ryu,Ring_5n_50M,5,ring,50M,29609.31,0.113,0.0,1.0,0.04,0.69,35.46,18.4,0.556,0.877,0.9841,0.6535,onos,0.0332,hybrid_p95,CONTROLLER
17,1,2026-07-13T10:50:39.981422,floodlight,Ring_5n_50M,5,ring,50M,34859.76,0.074,0.0,1.0,0.013,31.8,434.31,16.33,0.9465,0.5621,0.9862,0.8756,onos,0.0332,hybrid_p95,CONTROLLER
18,1,2026-07-13T10:53:15.664232,onos,Ring_5n_50M,5,ring,50M,42546.33,0.076,0.0,1.0,0.017,23.58,826.56,19.49,0.9818,0.6028,0.9835,0.9088,onos,0.0332,hybrid_p95,CONTROLLER
19,1,2026-07-13T10:55:07.898065,ryu,Ring_5n_100M,5,ring,100M,30464.21,0.095,0.0,1.0,0.008,0.64,35.46,17.84,0.674,0.8774,0.985,0.7391,onos,0.1861,hybrid_p95,CONTROLLER
20,1,2026-07-13T10:57:02.340650,floodlight,Ring_5n_100M,5,ring,100M,38104.31,0.108,0.0,1.0,0.025,31.73,426.8,16.82,0.6238,0.5632,0.9856,0.6421,onos,0.1861,hybrid_p95,CONTROLLER
21,1,2026-07-13T10:59:42.544687,onos,Ring_5n_100M,5,ring,100M,40603.55,0.069,0.0,1.0,0.011,20.65,980.1,18.57,1.0,0.6193,0.9844,0.9252,onos,0.1861,hybrid_p95,CONTROLLER
22,1,2026-07-13T11:01:34.766567,ryu,Ring_5n_500M,5,ring,500M,38393.37,0.085,0.0,1.0,0.021,0.59,35.44,21.63,0.8912,0.8778,0.9817,0.8962,onos,0.023,hybrid_p95,CONTROLLER
23,1,2026-07-13T11:03:29.388298,floodlight,Ring_5n_500M,5,ring,500M,32231.54,0.101,0.0,1.0,0.02,43.86,439.12,15.64,0.556,0.4712,0.9867,0.5754,onos,0.023,hybrid_p95,CONTROLLER
24,1,2026-07-13T11:06:05.231641,onos,Ring_5n_500M,5,ring,500M,39360.97,0.079,0.0,1.0,0.018,25.53,872.81,13.81,1.0,0.5864,0.9882,0.9192,onos,0.023,hybrid_p95,CONTROLLER
25,1,2026-07-13T11:07:57.731544,ryu,Ring_6n_10M,6,ring,10M,39235.45,0.089,0.0,1.0,0.032,0.86,35.52,15.6,0.7471,0.8757,0.9865,0.7918,onos,0.1231,hybrid_p95,CONTROLLER
26,1,2026-07-13T11:09:52.572034,floodlight,Ring_6n_10M,6,ring,10M,25222.54,0.091,0.0,1.0,0.028,32.66,456.3,14.84,0.556,0.5541,0.9872,0.5914,onos,0.1231,hybrid_p95,CONTROLLER
27,1,2026-07-13T11:12:28.324666,onos,Ring_6n_10M,6,ring,10M,35642.53,0.084,0.0,1.0,0.021,16.67,894.8,17.48,0.9769,0.6521,0.9851,0.9149,onos,0.1231,hybrid_p95,CONTROLLER
28,1,2026-07-13T11:14:20.703074,ryu,Ring_6n_50M,6,ring,50M,35366.39,0.105,0.0,1.0,0.02,0.97,35.5,16.44,0.5984,0.8749,0.986,0.6839,onos,0.2341,hybrid_p95,CONTROLLER
29,1,2026-07-13T11:16:15.409175,floodlight,Ring_6n_50M,6,ring,50M,31033.35,0.097,0.0,1.0,0.03,32.66,416.55,15.39,0.6418,0.557,0.9867,0.6541,onos,0.2341,hybrid_p95,CONTROLLER
30,1,2026-07-13T11:18:51.737164,onos,Ring_6n_50M,6,ring,50M,40236.83,0.072,0.0,1.0,0.011,26.28,847.2,18.24,1.0,0.5817,0.9846,0.918,onos,0.2341,hybrid_p95,CONTROLLER
31,1,2026-07-13T11:20:44.179322,ryu,Ring_6n_100M,6,ring,100M,36328.13,0.091,0.0,1.0,0.032,0.76,35.34,16.34,0.6645,0.8766,0.9859,0.7321,onos,0.1896,hybrid_p95,CONTROLLER
32,1,2026-07-13T11:22:38.967735,floodlight,Ring_6n_100M,6,ring,100M,31128.33,0.095,0.0,1.0,0.027,34.36,447.71,14.97,0.556,0.5419,0.9871,0.5891,onos,0.1896,hybrid_p95,CONTROLLER
33,1,2026-07-13T11:25:19.763543,onos,Ring_6n_100M,6,ring,100M,39781.21,0.069,0.0,1.0,0.011,23.63,844.6,20.18,1.0,0.6017,0.983,0.9217,onos,0.1896,hybrid_p95,CONTROLLER
34,1,2026-07-13T11:27:12.226262,ryu,Ring_6n_500M,6,ring,500M,25120.02,0.125,0.0,1.0,0.026,0.9,35.35,16.92,0.569,0.8755,0.9855,0.6627,onos,0.2504,hybrid_p95,CONTROLLER
35,1,2026-07-13T11:29:07.044072,floodlight,Ring_6n_500M,6,ring,500M,24872.34,0.127,0.019,1.0,0.03,34.11,442.52,19.12,0.556,0.5442,0.9836,0.5892,onos,0.2504,hybrid_p95,CONTROLLER
36,1,2026-07-13T11:31:42.870257,onos,Ring_6n_500M,6,ring,500M,40710.93,0.066,0.0,1.0,0.006,29.82,858.8,13.99,1.0,0.5547,0.9883,0.9131,onos,0.2504,hybrid_p95,CONTROLLER
37,1,2026-07-13T11:33:35.633346,ryu,Ring_7n_10M,7,ring,10M,24079.55,0.098,0.0,1.0,0.031,0.81,35.51,15.62,0.556,0.8761,0.9865,0.6535,onos,0.2525,hybrid_p95,CONTROLLER
38,1,2026-07-13T11:35:30.587780,floodlight,Ring_7n_10M,7,ring,10M,30933.04,0.092,0.0,1.0,0.033,45.57,460.0,16.14,0.6892,0.4568,0.9861,0.669,onos,0.2525,hybrid_p95,CONTROLLER
39,1,2026-07-13T11:38:07.409530,onos,Ring_7n_10M,7,ring,10M,39196.23,0.075,0.0,1.0,0.023,24.32,789.11,14.69,1.0,0.5988,0.9874,0.9215,onos,0.2525,hybrid_p95,CONTROLLER
40,1,2026-07-13T11:40:00.143492,ryu,Ring_7n_50M,7,ring,50M,38575.23,0.078,0.0,1.0,0.016,1.03,35.5,16.99,0.9946,0.8744,0.9856,0.9707,ryu,0.1469,hybrid_p95,CONTROLLER
41,1,2026-07-13T11:41:55.087569,floodlight,Ring_7n_50M,7,ring,50M,24750.28,0.078,0.0,1.0,0.012,49.23,444.81,15.58,0.91,0.4305,0.9868,0.8238,ryu,0.1469,hybrid_p95,CONTROLLER
42,1,2026-07-13T11:44:36.417251,onos,Ring_7n_50M,7,ring,50M,39456.42,0.081,0.0,1.0,0.025,34.74,975.0,25.74,0.646,0.5136,0.9782,0.648,ryu,0.1469,hybrid_p95,CONTROLLER
43,1,2026-07-13T11:46:29.078966,ryu,Ring_7n_100M,7,ring,100M,37281.88,0.082,0.0,1.0,0.023,0.96,35.37,16.5,0.9705,0.8751,0.9859,0.9533,ryu,0.1141,hybrid_p95,CONTROLLER
44,1,2026-07-13T11:48:23.985889,floodlight,Ring_7n_100M,7,ring,100M,35176.22,0.106,0.0,1.0,0.03,34.8,478.1,16.04,0.903,0.5365,0.9862,0.8392,ryu,0.1141,hybrid_p95,CONTROLLER
45,1,2026-07-13T11:50:59.910663,onos,Ring_7n_100M,7,ring,100M,38310.95,1.291,0.0,1.0,3.335,29.13,990.6,20.32,0.646,0.5552,0.933,0.6523,ryu,0.1141,hybrid_p95,CONTROLLER
46,1,2026-07-13T11:53:12.579428,ryu,Ring_7n_500M,7,ring,500M,32570.63,0.112,0.005,1.0,0.046,1.0,35.48,17.58,0.8541,0.8747,0.9847,0.8689,ryu,0.0483,hybrid_p95,CONTROLLER
47,1,2026-07-13T11:55:07.443271,floodlight,Ring_7n_500M,7,ring,500M,32045.57,0.098,0.013,1.0,0.03,51.08,480.6,15.71,0.91,0.414,0.9865,0.8206,ryu,0.0483,hybrid_p95,CONTROLLER
48,1,2026-07-13T11:57:44.030457,onos,Ring_7n_500M,7,ring,500M,40911.27,0.179,0.012,1.0,0.253,30.62,950.1,15.67,0.646,0.5454,0.9831,0.6546,ryu,0.0483,hybrid_p95,CONTROLLER
49,1,2026-07-13T11:59:36.893084,ryu,Ring_8n_10M,8,ring,10M,26555.43,0.129,0.0,1.0,0.048,1.29,35.57,18.09,0.9937,0.8724,0.9842,0.9695,ryu,0.2201,hybrid_p95,CONTROLLER
50,1,2026-07-13T12:01:31.939590,floodlight,Ring_8n_10M,8,ring,10M,24942.09,0.085,0.0,1.0,0.011,200.14,502.2,16.81,0.91,0.0452,0.9858,0.7494,ryu,0.2201,hybrid_p95,CONTROLLER
51,1,2026-07-13T12:04:08.784163,onos,Ring_8n_10M,8,ring,10M,26014.39,2.538,0.0,1.0,6.713,206.18,976.84,32.76,0.6158,0.0234,0.872,0.5227,ryu,0.2201,hybrid_p95,CONTROLLER
52,1,2026-07-13T12:06:01.678485,ryu,Ring_8n_50M,8,ring,50M,23766.89,0.104,0.0,1.0,0.04,0.96,35.55,17.35,0.5626,0.8749,0.9849,0.658,onos,0.1437,hybrid_p95,CONTROLLER
53,1,2026-07-13T12:07:56.640151,floodlight,Ring_8n_50M,8,ring,50M,22440.28,0.082,0.0,1.0,0.016,38.85,481.5,17.5,0.7994,0.5058,0.9852,0.7581,onos,0.1437,hybrid_p95,CONTROLLER
54,1,2026-07-13T12:10:33.455438,onos,Ring_8n_50M,8,ring,50M,40431.59,0.072,0.0,1.0,0.011,36.89,999.31,14.94,1.0,0.4967,0.9874,0.9018,onos,0.1437,hybrid_p95,CONTROLLER
55,1,2026-07-13T12:12:44.907408,ryu,Ring_8n_100M,8,ring,100M,22045.46,0.129,0.0,1.0,0.021,1.08,35.57,14.96,0.556,0.874,0.9872,0.6532,onos,0.0937,hybrid_p95,CONTROLLER
56,1,2026-07-13T12:14:39.978677,floodlight,Ring_8n_100M,8,ring,100M,24849.8,0.088,0.0,1.0,0.022,50.21,483.7,15.47,0.8994,0.4204,0.9868,0.8142,onos,0.0937,hybrid_p95,CONTROLLER
57,1,2026-07-13T12:17:21.518560,onos,Ring_8n_100M,8,ring,100M,40726.59,0.085,0.0,1.0,0.018,32.74,960.82,17.4,1.0,0.5291,0.9852,0.9079,onos,0.0937,hybrid_p95,CONTROLLER
58,1,2026-07-13T12:19:33.050674,ryu,Ring_8n_500M,8,ring,500M,26881.21,0.134,0.0,1.0,0.013,1.18,35.57,16.04,0.556,0.8732,0.9864,0.6529,onos,0.1172,hybrid_p95,CONTROLLER
59,1,2026-07-13T12:21:27.834268,floodlight,Ring_8n_500M,8,ring,500M,32069.47,0.083,0.0,1.0,0.007,36.19,461.02,18.99,0.8715,0.5272,0.9841,0.8144,onos,0.1172,hybrid_p95,CONTROLLER
60,1,2026-07-13T12:24:01.567233,onos,Ring_8n_500M,8,ring,500M,46058.84,0.072,0.0,1.0,0.006,16.51,882.72,23.18,1.0,0.6538,0.9806,0.9316,onos,0.1172,hybrid_p95,CONTROLLER
61,1,2026-07-13T12:25:54.394404,ryu,Ring_9n_10M,9,ring,10M,45749.11,0.074,0.0,1.0,0.006,1.13,35.62,17.37,1.0,0.8736,0.9854,0.9744,ryu,0.144,hybrid_p95,CONTROLLER
62,1,2026-07-13T12:27:49.276264,floodlight,Ring_9n_10M,9,ring,10M,39152.86,0.082,0.0,1.0,0.012,36.71,480.42,17.85,0.8949,0.522,0.9849,0.8304,ryu,0.144,hybrid_p95,CONTROLLER
63,1,2026-07-13T12:30:24.264579,onos,Ring_9n_10M,9,ring,10M,45560.04,0.261,0.0,1.0,0.481,21.04,863.9,24.02,0.6434,0.6205,0.9728,0.6663,ryu,0.144,hybrid_p95,CONTROLLER
64,1,2026-07-13T12:32:17.106248,ryu,Ring_9n_50M,9,ring,50M,25380.16,0.087,0.0,1.0,0.006,1.17,35.62,17.13,0.556,0.8733,0.9856,0.6529,onos,0.2552,hybrid_p95,CONTROLLER
65,1,2026-07-13T12:34:12.115540,floodlight,Ring_9n_50M,9,ring,50M,29365.73,0.082,0.0,1.0,0.009,49.13,464.3,13.86,0.6667,0.4298,0.9883,0.6477,onos,0.2552,hybrid_p95,CONTROLLER
66,1,2026-07-13T12:36:46.968305,onos,Ring_9n_50M,9,ring,50M,45836.77,0.068,0.0,1.0,0.01,32.75,893.62,20.22,1.0,0.5314,0.983,0.9081,onos,0.2552,hybrid_p95,CONTROLLER
67,1,2026-07-13T12:38:39.801729,ryu,Ring_9n_100M,9,ring,100M,27672.01,0.087,0.0,1.0,0.007,1.31,35.61,18.59,0.556,0.8722,0.9844,0.6526,onos,0.1867,hybrid_p95,CONTROLLER
68,1,2026-07-13T12:40:34.775254,floodlight,Ring_9n_100M,9,ring,100M,29582.52,0.079,0.0,1.0,0.01,39.66,482.9,16.86,0.7834,0.4996,0.9858,0.7454,onos,0.1867,hybrid_p95,CONTROLLER
69,1,2026-07-13T12:43:09.566774,onos,Ring_9n_100M,9,ring,100M,45661.81,0.074,0.0,1.0,0.005,16.01,935.9,21.09,1.0,0.6556,0.9823,0.9321,onos,0.1867,hybrid_p95,CONTROLLER
70,1,2026-07-13T12:45:02.414083,ryu,Ring_9n_500M,9,ring,500M,27429.49,0.095,0.0,1.0,0.011,1.04,35.57,17.41,0.903,0.8743,0.9853,0.9043,ryu,0.0716,hybrid_p95,CONTROLLER
71,1,2026-07-13T12:46:57.405551,floodlight,Ring_9n_500M,9,ring,500M,32271.47,0.075,0.013,1.0,0.007,54.34,481.72,16.87,0.9333,0.3895,0.9858,0.8327,ryu,0.0716,hybrid_p95,CONTROLLER
72,1,2026-07-13T12:49:32.005327,onos,Ring_9n_500M,9,ring,500M,46125.79,1.084,0.0,1.0,2.784,23.06,958.1,18.42,0.646,0.6019,0.9429,0.6621,ryu,0.0716,hybrid_p95,CONTROLLER
73,1,2026-07-13T12:51:25.054179,ryu,Ring_10n_10M,10,ring,10M,38086.16,0.093,0.0,1.0,0.007,1.03,35.66,17.17,0.556,0.8743,0.9856,0.6531,onos,0.0772,hybrid_p95,CONTROLLER
74,1,2026-07-13T12:53:20.308683,floodlight,Ring_10n_10M,10,ring,10M,40381.27,0.074,0.0,1.0,0.008,39.14,483.5,16.69,0.9163,0.5035,0.986,0.8424,onos,0.0772,hybrid_p95,CONTROLLER
75,1,2026-07-13T12:55:55.403404,onos,Ring_10n_10M,10,ring,10M,46705.01,0.073,0.0,1.0,0.008,24.17,1015.05,22.25,1.0,0.5917,0.9813,0.9196,onos,0.0772,hybrid_p95,CONTROLLER
76,1,2026-07-13T12:58:08.434894,ryu,Ring_10n_50M,10,ring,50M,33664.85,0.099,0.0,1.0,0.01,1.25,35.61,17.62,0.9353,0.8727,0.9852,0.9273,ryu,0.1084,hybrid_p95,CONTROLLER
77,1,2026-07-13T13:00:03.648995,floodlight,Ring_10n_50M,10,ring,50M,27417.12,0.09,0.0,1.0,0.009,52.11,507.5,14.71,0.91,0.4045,0.9876,0.8189,ryu,0.1084,hybrid_p95,CONTROLLER
78,1,2026-07-13T13:02:38.907249,onos,Ring_10n_50M,10,ring,50M,47246.51,1.121,0.0,1.0,2.876,21.03,995.6,18.49,0.646,0.6159,0.9415,0.6647,ryu,0.1084,hybrid_p95,CONTROLLER
79,1,2026-07-13T13:04:31.884780,ryu,Ring_10n_100M,10,ring,100M,37318.59,0.091,0.0,1.0,0.011,1.29,35.7,16.4,0.5634,0.8723,0.9862,0.6581,onos,0.2061,hybrid_p95,CONTROLLER
80,1,2026-07-13T13:06:27.195592,floodlight,Ring_10n_100M,10,ring,100M,36411.88,0.082,0.0,1.0,0.007,41.38,482.0,16.17,0.7434,0.4868,0.9864,0.7141,onos,0.2061,hybrid_p95,CONTROLLER
81,1,2026-07-13T13:09:01.897000,onos,Ring_10n_100M,10,ring,100M,47414.99,0.074,0.0,1.0,0.009,23.43,1107.97,21.3,1.0,0.5944,0.9821,0.9202,onos,0.2061,hybrid_p95,CONTROLLER
82,1,2026-07-13T13:10:54.996862,ryu,Ring_10n_500M,10,ring,500M,34076.54,0.09,0.0,1.0,0.008,1.55,35.7,15.78,0.5738,0.8703,0.9867,0.6653,onos,0.1951,hybrid_p95,CONTROLLER
83,1,2026-07-13T13:12:50.292420,floodlight,Ring_10n_500M,10,ring,500M,30763.2,0.077,0.0,1.0,0.009,51.5,516.7,16.06,0.7861,0.4085,0.9865,0.7299,onos,0.1951,hybrid_p95,CONTROLLER
84,1,2026-07-13T13:15:25.310044,onos,Ring_10n_500M,10,ring,500M,47494.35,0.07,0.0,1.0,0.008,20.7,977.31,21.69,1.0,0.619,0.9818,0.925,onos,0.1951,hybrid_p95,CONTROLLER
85,1,2026-07-13T13:17:18.496369,ryu,Ring_11n_10M,11,ring,10M,30283.54,0.102,0.0,0.999,0.01,1.3,35.78,17.06,0.9296,0.8721,0.9856,0.9232,ryu,0.1018,hybrid_p95,CONTROLLER
86,1,2026-07-13T13:19:14.131295,floodlight,Ring_11n_10M,11,ring,10M,22166.24,0.084,0.0,0.999,0.022,49.98,503.8,17.0,0.9094,0.4208,0.9855,0.8214,ryu,0.1018,hybrid_p95,CONTROLLER
87,1,2026-07-13T13:21:49.554879,onos,Ring_11n_10M,11,ring,10M,47616.88,0.83,0.0,0.999,1.702,20.66,995.96,25.61,0.6454,0.6187,0.9531,0.6658,ryu,0.1018,hybrid_p95,CONTROLLER
88,1,2026-07-13T13:23:42.880453,ryu,Ring_11n_50M,11,ring,50M,26272.03,0.093,0.0,0.999,0.009,1.54,35.67,14.49,0.5554,0.8704,0.9878,0.6521,onos,0.0625,hybrid_p95,CONTROLLER
89,1,2026-07-13T13:25:44.514284,floodlight,Ring_11n_50M,11,ring,50M,42330.9,0.069,0.0,0.999,0.008,94.52,520.29,15.33,0.9799,0.0852,0.9871,0.8078,onos,0.0625,hybrid_p95,CONTROLLER
90,1,2026-07-13T13:28:19.537886,onos,Ring_11n_50M,11,ring,50M,46774.04,0.074,0.0,0.999,0.006,21.13,1014.05,22.08,0.9257,0.6145,0.9815,0.8703,onos,0.0625,hybrid_p95,CONTROLLER
91,1,2026-07-13T13:30:31.248157,ryu,Ring_11n_100M,11,ring,100M,24188.73,0.132,0.0,0.999,0.01,1.36,35.86,16.63,0.5554,0.8716,0.986,0.6522,onos,0.06,hybrid_p95,CONTROLLER
92,1,2026-07-13T13:32:26.844594,floodlight,Ring_11n_100M,11,ring,100M,39490.99,0.074,0.0,0.999,0.006,46.22,510.73,16.7,0.9613,0.4485,0.986,0.8644,onos,0.06,hybrid_p95,CONTROLLER
93,1,2026-07-13T13:35:02.351842,onos,Ring_11n_100M,11,ring,100M,45834.08,0.072,0.0,0.999,0.007,21.48,862.9,19.36,0.9994,0.6172,0.9838,0.9244,onos,0.06,hybrid_p95,CONTROLLER
94,1,2026-07-13T13:36:55.520967,ryu,Ring_11n_500M,11,ring,500M,25427.83,0.095,0.0,0.999,0.008,1.36,35.66,15.62,0.5554,0.8718,0.9869,0.6523,onos,0.2775,hybrid_p95,CONTROLLER
95,1,2026-07-13T13:38:51.856750,floodlight,Ring_11n_500M,11,ring,500M,26595.18,0.088,0.0,0.999,0.007,199.27,523.2,15.25,0.6594,0.0439,0.9872,0.5678,onos,0.2775,hybrid_p95,CONTROLLER
96,1,2026-07-13T13:41:27.406499,onos,Ring_11n_500M,11,ring,500M,47356.45,0.07,0.0,0.999,0.008,17.34,924.56,20.96,0.9994,0.646,0.9824,0.9298,onos,0.2775,hybrid_p95,CONTROLLER
1,1,2026-07-13T16:05:18.979868,ryu,Mesh_4n_10M,4,mesh,10M,35966.47,0.09,0.0,1.0,0.007,0.34,35.23,20.37,0.5685,0.8798,0.9829,0.663,onos,0.2613,hybrid_p95,CONTROLLER
2,1,2026-07-13T16:07:13.155754,floodlight,Mesh_4n_10M,4,mesh,10M,34226.08,0.085,0.0,1.0,0.008,32.1,399.6,17.13,0.6445,0.5626,0.9856,0.657,onos,0.2613,hybrid_p95,CONTROLLER
3,1,2026-07-13T16:09:46.207601,onos,Mesh_4n_10M,4,mesh,10M,46787.65,0.07,0.0,1.0,0.009,21.92,832.93,20.46,1.0,0.615,0.9828,0.9243,onos,0.2613,hybrid_p95,CONTROLLER
4,1,2026-07-13T16:11:38.222123,ryu,Mesh_4n_100M,4,mesh,100M,40843.0,0.078,0.0,1.0,0.007,0.46,35.22,13.04,0.6002,0.879,0.989,0.6863,onos,0.2046,hybrid_p95,CONTROLLER
5,1,2026-07-13T16:13:32.278795,floodlight,Mesh_4n_100M,4,mesh,100M,35196.53,0.075,0.0,1.0,0.009,32.54,407.74,14.96,0.733,0.5586,0.9874,0.7205,onos,0.2046,hybrid_p95,CONTROLLER
6,1,2026-07-13T16:16:04.761125,onos,Mesh_4n_100M,4,mesh,100M,46698.3,0.072,0.0,1.0,0.003,20.62,968.71,22.01,1.0,0.6199,0.9816,0.9251,onos,0.2046,hybrid_p95,CONTROLLER
7,1,2026-07-13T16:17:56.708971,ryu,Mesh_4n_1000M,4,mesh,1000M,39943.8,0.084,0.0,1.0,0.003,0.49,35.21,20.6,0.5923,0.8787,0.9828,0.68,onos,0.2295,hybrid_p95,CONTROLLER
8,1,2026-07-13T16:19:50.819613,floodlight,Mesh_4n_1000M,4,mesh,1000M,35227.47,0.078,0.136,1.0,0.011,48.64,453.2,21.09,0.733,0.4343,0.9823,0.696,onos,0.2295,hybrid_p95,CONTROLLER
9,1,2026-07-13T16:22:23.292218,onos,Mesh_4n_1000M,4,mesh,1000M,46913.79,0.072,0.0,1.0,0.008,20.59,947.8,19.49,1.0,0.6208,0.9836,0.9255,onos,0.2295,hybrid_p95,CONTROLLER
10,1,2026-07-13T16:24:15.459301,ryu,Mesh_5n_10M,5,mesh,10M,29187.25,0.116,0.0,1.0,0.015,0.36,35.28,17.77,0.566,0.8796,0.985,0.6613,onos,0.1937,hybrid_p95,CONTROLLER
11,1,2026-07-13T16:26:10.079095,floodlight,Mesh_5n_10M,5,mesh,10M,26997.43,0.089,0.0,1.0,0.011,44.91,443.2,17.93,0.7732,0.463,0.9849,0.7309,onos,0.1937,hybrid_p95,CONTROLLER
12,1,2026-07-13T16:28:43.702299,onos,Mesh_5n_10M,5,mesh,10M,46637.41,0.072,0.0,1.0,0.005,21.58,848.73,21.12,1.0,0.617,0.9823,0.9246,onos,0.1937,hybrid_p95,CONTROLLER
13,1,2026-07-13T16:30:35.968504,ryu,Mesh_5n_100M,5,mesh,100M,38581.54,0.089,0.0,1.0,0.008,0.6,35.27,17.87,0.6301,0.8779,0.985,0.7074,ryu,0.0278,hybrid_p95,CONTROLLER
14,1,2026-07-13T16:36:54.398062,floodlight,Mesh_5n_100M,5,mesh,100M,0.0,0.0,0.0,1.0,0.0,0.0,0.0,0.0,0.0,1.0,1.0,0.276,ryu,0.0278,NONE,STANDALONE
15,1,2026-07-13T16:39:27.768780,onos,Mesh_5n_100M,5,mesh,100M,46829.41,0.083,0.0,1.0,0.016,25.84,806.08,22.49,0.6699,0.5867,0.981,0.6796,ryu,0.0278,hybrid_p95,CONTROLLER
16,1,2026-07-13T16:41:20.142548,ryu,Mesh_5n_1000M,5,mesh,1000M,27692.13,0.115,0.0,1.0,0.013,0.52,35.29,19.58,0.556,0.8784,0.9835,0.6537,onos,0.1754,hybrid_p95,CONTROLLER
17,1,2026-07-13T16:43:14.647643,floodlight,Mesh_5n_1000M,5,mesh,1000M,29874.55,0.088,0.061,1.0,0.01,35.75,413.71,14.05,0.7794,0.5341,0.9881,0.7494,onos,0.1754,hybrid_p95,CONTROLLER
18,1,2026-07-13T16:45:47.868099,onos,Mesh_5n_1000M,5,mesh,1000M,45564.39,0.07,0.0,1.0,0.008,22.21,782.0,12.91,1.0,0.6149,0.9891,0.9248,onos,0.1754,hybrid_p95,CONTROLLER
19,1,2026-07-13T16:47:40.507891,ryu,Mesh_6n_10M,6,mesh,10M,24024.25,0.104,0.0,1.0,0.017,0.53,35.32,17.08,0.617,0.8783,0.9855,0.6981,onos,0.2162,hybrid_p95,CONTROLLER
20,1,2026-07-13T16:49:35.954107,floodlight,Mesh_6n_10M,6,mesh,10M,22344.01,0.109,0.0,1.0,0.013,82.88,479.2,16.12,0.556,0.1753,0.9864,0.5182,onos,0.2162,hybrid_p95,CONTROLLER
21,1,2026-07-13T16:52:10.006804,onos,Mesh_6n_10M,6,mesh,10M,42743.14,0.076,0.0,1.0,0.011,28.52,862.2,23.48,1.0,0.5643,0.9803,0.9143,onos,0.2162,hybrid_p95,CONTROLLER
22,1,2026-07-13T16:54:02.844074,ryu,Mesh_6n_100M,6,mesh,100M,19261.12,0.158,0.0,1.0,0.048,0.52,35.32,29.86,0.556,0.8784,0.9744,0.653,onos,0.2169,hybrid_p95,CONTROLLER
23,1,2026-07-13T16:55:57.857183,floodlight,Mesh_6n_100M,6,mesh,100M,19395.14,0.111,0.0,1.0,0.016,52.24,481.01,19.99,0.7546,0.4053,0.9831,0.7061,onos,0.2169,hybrid_p95,CONTROLLER
24,1,2026-07-13T16:58:32.608705,onos,Mesh_6n_100M,6,mesh,100M,42463.46,0.074,0.0,1.0,0.013,22.76,873.83,17.62,1.0,0.6072,0.9851,0.923,onos,0.2169,hybrid_p95,CONTROLLER
25,1,2026-07-13T17:00:25.469689,ryu,Mesh_6n_1000M,6,mesh,1000M,19675.23,0.15,0.11,1.0,0.03,0.7,35.32,15.13,0.5561,0.8771,0.9869,0.6538,onos,0.2502,hybrid_p95,CONTROLLER
26,1,2026-07-13T17:02:20.622535,floodlight,Mesh_6n_1000M,6,mesh,1000M,19655.81,0.137,0.137,1.0,0.062,40.31,480.61,14.82,0.619,0.4949,0.9867,0.6256,onos,0.2502,hybrid_p95,CONTROLLER
27,1,2026-07-13T17:04:56.896577,onos,Mesh_6n_1000M,6,mesh,1000M,41969.43,0.077,0.255,1.0,0.008,35.83,904.46,14.6,1.0,0.5079,0.9877,0.904,onos,0.2502,hybrid_p95,CONTROLLER
